vaxmonth,day,dead
2021-01,0,264
2021-01,1,615
2021-01,2,824
2021-01,3,918
2021-01,4,914
2021-01,5,1014
2021-01,6,1099
2021-01,7,1135
2021-01,8,1130
2021-01,9,1183
2021-01,10,1217
2021-01,11,1286
2021-01,12,1324
2021-01,13,1343
2021-01,14,1296
2021-01,15,1373
2021-01,16,1320
2021-01,17,1322
2021-01,18,1350
2021-01,19,1327
2021-01,20,1332
2021-01,21,1348
2021-01,22,1401
2021-01,23,1349
2021-01,24,1387
2021-01,25,1402
2021-01,26,1344
2021-01,27,1261
2021-01,28,1373
2021-01,29,1370
2021-01,30,1294
2021-01,31,1220
2021-01,32,1287
2021-01,33,1241
2021-01,34,1215
2021-01,35,1203
2021-01,36,1250
2021-01,37,1210
2021-01,38,1249
2021-01,39,1170
2021-01,40,1208
2021-01,41,1143
2021-01,42,1211
2021-01,43,1181
2021-01,44,1182
2021-01,45,1203
2021-01,46,1189
2021-01,47,1187
2021-01,48,1162
2021-01,49,1192
2021-01,50,1148
2021-01,51,1125
2021-01,52,1111
2021-01,53,1143
2021-01,54,1157
2021-01,55,1190
2021-01,56,1194
2021-01,57,1132
2021-01,58,1120
2021-01,59,1109
2021-01,60,1068
2021-01,61,1129
2021-01,62,1053
2021-01,63,1050
2021-01,64,1115
2021-01,65,1093
2021-01,66,1116
2021-01,67,1101
2021-01,68,1091
2021-01,69,1108
2021-01,70,1085
2021-01,71,1106
2021-01,72,1047
2021-01,73,1093
2021-01,74,1101
2021-01,75,1066
2021-01,76,1111
2021-01,77,1088
2021-01,78,1076
2021-01,79,1082
2021-01,80,1014
2021-01,81,1068
2021-01,82,1051
2021-01,83,1019
2021-01,84,1030
2021-01,85,1036
2021-01,86,1077
2021-01,87,1066
2021-01,88,1007
2021-01,89,1004
2021-01,90,1068
2021-01,91,1061
2021-01,92,1075
2021-01,93,1040
2021-01,94,1047
2021-01,95,1042
2021-01,96,1039
2021-01,97,1093
2021-01,98,1081
2021-01,99,1052
2021-01,100,1074
2021-01,101,1024
2021-01,102,1078
2021-01,103,1090
2021-01,104,1038
2021-01,105,1034
2021-01,106,1122
2021-01,107,1070
2021-01,108,1029
2021-01,109,1076
2021-01,110,1102
2021-01,111,1104
2021-01,112,1021
2021-01,113,995
2021-01,114,1048
2021-01,115,1038
2021-01,116,1084
2021-01,117,997
2021-01,118,1045
2021-01,119,1061
2021-01,120,979
2021-01,121,1007
2021-01,122,1088
2021-01,123,1099
2021-01,124,1014
2021-01,125,1116
2021-01,126,1067
2021-01,127,1041
2021-01,128,1057
2021-01,129,1098
2021-01,130,1013
2021-01,131,1025
2021-01,132,1027
2021-01,133,1078
2021-01,134,1108
2021-01,135,1017
2021-01,136,1038
2021-01,137,1045
2021-01,138,1069
2021-01,139,1050
2021-01,140,1044
2021-01,141,1013
2021-01,142,1062
2021-01,143,1035
2021-01,144,1082
2021-01,145,1027
2021-01,146,1027
2021-01,147,1096
2021-01,148,1032
2021-01,149,1109
2021-01,150,1051
2021-01,151,1079
2021-01,152,1054
2021-01,153,1006
2021-01,154,1039
2021-01,155,1015
2021-01,156,1085
2021-01,157,1047
2021-01,158,1053
2021-01,159,1010
2021-01,160,1073
2021-01,161,1027
2021-01,162,994
2021-01,163,1052
2021-01,164,1052
2021-01,165,980
2021-01,166,1010
2021-01,167,1006
2021-01,168,1029
2021-01,169,1083
2021-01,170,1033
2021-01,171,993
2021-01,172,1020
2021-01,173,1035
2021-01,174,1030
2021-01,175,1072
2021-01,176,1117
2021-01,177,1061
2021-01,178,1088
2021-01,179,972
2021-01,180,1078
2021-01,181,1049
2021-01,182,1021
2021-01,183,1039
2021-01,184,1068
2021-01,185,1047
2021-01,186,1080
2021-01,187,1027
2021-01,188,1071
2021-01,189,1101
2021-01,190,1085
2021-01,191,1069
2021-01,192,1050
2021-01,193,1131
2021-01,194,1094
2021-01,195,1109
2021-01,196,1133
2021-01,197,1066
2021-01,198,1099
2021-01,199,1076
2021-01,200,1117
2021-01,201,1116
2021-01,202,1108
2021-01,203,1140
2021-01,204,1053
2021-01,205,1148
2021-01,206,1152
2021-01,207,1138
2021-01,208,1121
2021-01,209,1109
2021-01,210,1129
2021-01,211,1095
2021-01,212,1109
2021-01,213,1161
2021-01,214,1135
2021-01,215,1223
2021-01,216,1125
2021-01,217,1105
2021-01,218,1130
2021-01,219,1140
2021-01,220,1087
2021-01,221,1170
2021-01,222,1127
2021-01,223,1151
2021-01,224,1175
2021-01,225,1178
2021-01,226,1153
2021-01,227,1172
2021-01,228,1209
2021-01,229,1186
2021-01,230,1183
2021-01,231,1154
2021-01,232,1158
2021-01,233,1223
2021-01,234,1199
2021-01,235,1191
2021-01,236,1123
2021-01,237,1165
2021-01,238,1207
2021-01,239,1163
2021-01,240,1189
2021-01,241,1162
2021-01,242,1188
2021-01,243,1120
2021-01,244,1178
2021-01,245,1201
2021-01,246,1142
2021-01,247,1142
2021-01,248,1165
2021-01,249,1237
2021-01,250,1107
2021-01,251,1164
2021-01,252,1163
2021-01,253,1222
2021-01,254,1102
2021-01,255,1149
2021-01,256,1152
2021-01,257,1163
2021-01,258,1129
2021-01,259,1156
2021-01,260,1205
2021-01,261,1177
2021-01,262,1134
2021-01,263,1179
2021-01,264,1242
2021-01,265,1169
2021-01,266,1146
2021-01,267,1191
2021-01,268,1184
2021-01,269,1101
2021-01,270,1229
2021-01,271,1147
2021-01,272,1167
2021-01,273,1145
2021-01,274,1177
2021-01,275,1208
2021-01,276,1167
2021-01,277,1227
2021-01,278,1157
2021-01,279,1154
2021-01,280,1131
2021-01,281,1222
2021-01,282,1139
2021-01,283,1245
2021-01,284,1133
2021-01,285,1177
2021-01,286,1211
2021-01,287,1175
2021-01,288,1245
2021-01,289,1180
2021-01,290,1208
2021-01,291,1181
2021-01,292,1189
2021-01,293,1277
2021-01,294,1203
2021-01,295,1159
2021-01,296,1170
2021-01,297,1170
2021-01,298,1193
2021-01,299,1203
2021-01,300,1194
2021-01,301,1207
2021-01,302,1210
2021-01,303,1207
2021-01,304,1088
2021-01,305,1183
2021-01,306,1217
2021-01,307,1230
2021-01,308,1192
2021-01,309,1184
2021-01,310,1220
2021-01,311,1238
2021-01,312,1275
2021-01,313,1269
2021-01,314,1159
2021-01,315,1255
2021-01,316,1194
2021-01,317,1258
2021-01,318,1228
2021-01,319,1235
2021-01,320,1219
2021-01,321,1161
2021-01,322,1255
2021-01,323,1267
2021-01,324,1185
2021-01,325,1247
2021-01,326,1202
2021-01,327,1187
2021-01,328,1258
2021-01,329,1160
2021-01,330,1237
2021-01,331,1174
2021-01,332,1181
2021-01,333,1206
2021-01,334,1276
2021-01,335,1210
2021-01,336,1187
2021-01,337,1207
2021-01,338,1188
2021-01,339,1230
2021-01,340,1169
2021-01,341,1215
2021-01,342,1209
2021-01,343,1264
2021-01,344,1257
2021-01,345,1252
2021-01,346,1267
2021-01,347,1226
2021-01,348,1277
2021-01,349,1235
2021-01,350,1245
2021-01,351,1321
2021-01,352,1299
2021-01,353,1346
2021-01,354,1274
2021-01,355,1345
2021-01,356,1331
2021-01,357,1350
2021-01,358,1302
2021-01,359,1378
2021-01,360,1292
2021-01,361,1317
2021-01,362,1309
2021-01,363,1343
2021-01,364,1291
2021-01,365,1364
2021-01,366,1360
2021-01,367,1356
2021-01,368,1362
2021-01,369,1375
2021-01,370,1303
2021-01,371,1326
2021-01,372,1331
2021-01,373,1283
2021-01,374,1350
2021-01,375,1333
2021-01,376,1313
2021-01,377,1343
2021-01,378,1358
2021-01,379,1344
2021-01,380,1364
2021-01,381,1318
2021-01,382,1218
2021-01,383,1316
2021-01,384,1298
2021-01,385,1283
2021-01,386,1289
2021-01,387,1275
2021-01,388,1270
2021-01,389,1208
2021-01,390,1277
2021-01,391,1236
2021-01,392,1286
2021-01,393,1183
2021-01,394,1259
2021-01,395,1173
2021-01,396,1175
2021-01,397,1160
2021-01,398,1204
2021-01,399,1195
2021-01,400,1166
2021-01,401,1155
2021-01,402,1173
2021-01,403,1179
2021-01,404,1133
2021-01,405,1145
2021-01,406,1065
2021-01,407,1120
2021-01,408,1115
2021-01,409,1062
2021-01,410,1051
2021-01,411,1116
2021-01,412,1127
2021-01,413,1221
2021-01,414,1111
2021-01,415,1095
2021-01,416,1062
2021-01,417,1083
2021-01,418,1040
2021-01,419,1084
2021-01,420,1080
2021-01,421,1074
2021-01,422,1094
2021-01,423,1051
2021-01,424,1029
2021-01,425,1059
2021-01,426,1022
2021-01,427,1079
2021-01,428,1017
2021-01,429,1056
2021-01,430,1073
2021-01,431,1026
2021-01,432,1015
2021-01,433,1049
2021-01,434,1105
2021-01,435,1011
2021-01,436,1034
2021-01,437,1038
2021-01,438,1057
2021-01,439,1041
2021-01,440,1010
2021-01,441,1035
2021-01,442,1026
2021-01,443,1014
2021-01,444,1057
2021-01,445,1058
2021-01,446,1042
2021-01,447,1008
2021-01,448,1055
2021-01,449,1034
2021-01,450,1066
2021-01,451,960
2021-01,452,1064
2021-01,453,1015
2021-01,454,1016
2021-01,455,1035
2021-01,456,1058
2021-01,457,958
2021-01,458,1030
2021-01,459,1028
2021-01,460,1018
2021-01,461,1025
2021-01,462,1034
2021-01,463,1052
2021-01,464,978
2021-01,465,1001
2021-01,466,1017
2021-01,467,981
2021-01,468,985
2021-01,469,1035
2021-01,470,1047
2021-01,471,979
2021-01,472,1013
2021-01,473,1064
2021-01,474,1086
2021-01,475,1020
2021-01,476,986
2021-01,477,1072
2021-01,478,992
2021-01,479,970
2021-01,480,1051
2021-01,481,1039
2021-01,482,989
2021-01,483,1017
2021-01,484,997
2021-01,485,1012
2021-01,486,1042
2021-01,487,974
2021-01,488,983
2021-01,489,1011
2021-01,490,1041
2021-01,491,1010
2021-01,492,1028
2021-01,493,1025
2021-01,494,999
2021-01,495,1004
2021-01,496,998
2021-01,497,1020
2021-01,498,1054
2021-01,499,947
2021-01,500,989
2021-01,501,1047
2021-01,502,939
2021-01,503,967
2021-01,504,1041
2021-01,505,1007
2021-01,506,1030
2021-01,507,1026
2021-01,508,956
2021-01,509,965
2021-01,510,964
2021-01,511,964
2021-01,512,1033
2021-01,513,987
2021-01,514,1058
2021-01,515,1012
2021-01,516,1030
2021-01,517,1032
2021-01,518,947
2021-01,519,1025
2021-01,520,1018
2021-01,521,957
2021-01,522,988
2021-01,523,1001
2021-01,524,1049
2021-01,525,970
2021-01,526,953
2021-01,527,1020
2021-01,528,1003
2021-01,529,938
2021-01,530,1009
2021-01,531,1000
2021-01,532,971
2021-01,533,1025
2021-01,534,979
2021-01,535,968
2021-01,536,984
2021-01,537,999
2021-01,538,946
2021-01,539,964
2021-01,540,986
2021-01,541,1018
2021-01,542,956
2021-01,543,1016
2021-01,544,1034
2021-01,545,1024
2021-01,546,974
2021-01,547,1015
2021-01,548,1006
2021-01,549,990
2021-01,550,1024
2021-01,551,1003
2021-01,552,993
2021-01,553,963
2021-01,554,968
2021-01,555,976
2021-01,556,1025
2021-01,557,1013
2021-01,558,1046
2021-01,559,1026
2021-01,560,1037
2021-01,561,995
2021-01,562,988
2021-01,563,1020
2021-01,564,1000
2021-01,565,1010
2021-01,566,946
2021-01,567,1045
2021-01,568,983
2021-01,569,972
2021-01,570,1027
2021-01,571,1005
2021-01,572,1007
2021-01,573,969
2021-01,574,971
2021-01,575,1019
2021-01,576,954
2021-01,577,1076
2021-01,578,1026
2021-01,579,1036
2021-01,580,984
2021-01,581,963
2021-01,582,981
2021-01,583,1015
2021-01,584,994
2021-01,585,1045
2021-01,586,1006
2021-01,587,994
2021-01,588,1036
2021-01,589,952
2021-01,590,1007
2021-01,591,1023
2021-01,592,1034
2021-01,593,984
2021-01,594,987
2021-01,595,960
2021-01,596,1012
2021-01,597,1018
2021-01,598,1015
2021-01,599,987
2021-01,600,1064
2021-01,601,986
2021-01,602,971
2021-01,603,965
2021-01,604,1011
2021-01,605,1013
2021-01,606,983
2021-01,607,923
2021-01,608,1011
2021-01,609,930
2021-01,610,1004
2021-01,611,988
2021-01,612,956
2021-01,613,1023
2021-01,614,1030
2021-01,615,1038
2021-01,616,957
2021-01,617,1026
2021-01,618,1021
2021-01,619,1017
2021-01,620,969
2021-01,621,1094
2021-01,622,1042
2021-01,623,986
2021-01,624,1006
2021-01,625,1029
2021-01,626,1027
2021-01,627,993
2021-01,628,1010
2021-01,629,993
2021-01,630,1031
2021-01,631,1042
2021-01,632,1088
2021-01,633,1041
2021-01,634,1016
2021-01,635,1020
2021-01,636,1039
2021-01,637,1025
2021-01,638,1081
2021-01,639,1043
2021-01,640,1056
2021-01,641,985
2021-01,642,1173
2021-01,643,1066
2021-01,644,1039
2021-01,645,1012
2021-01,646,1052
2021-01,647,1074
2021-01,648,1052
2021-01,649,1061
2021-01,650,1102
2021-01,651,1062
2021-01,652,1059
2021-01,653,1052
2021-01,654,1056
2021-01,655,1034
2021-01,656,1044
2021-01,657,1087
2021-01,658,1084
2021-01,659,1062
2021-01,660,1102
2021-01,661,1061
2021-01,662,1057
2021-01,663,1053
2021-01,664,1086
2021-01,665,1083
2021-01,666,1075
2021-01,667,1043
2021-01,668,1076
2021-01,669,1131
2021-01,670,1047
2021-01,671,1113
2021-01,672,1110
2021-01,673,1136
2021-01,674,1052
2021-01,675,1039
2021-01,676,1123
2021-01,677,1149
2021-01,678,1128
2021-01,679,1134
2021-01,680,1121
2021-01,681,1111
2021-01,682,1172
2021-01,683,1150
2021-01,684,1043
2021-01,685,1098
2021-01,686,1107
2021-01,687,1167
2021-01,688,1161
2021-01,689,1153
2021-01,690,1116
2021-01,691,1128
2021-01,692,1114
2021-01,693,1138
2021-01,694,1137
2021-01,695,1099
2021-01,696,1158
2021-01,697,1143
2021-01,698,1106
2021-01,699,1183
2021-01,700,1198
2021-01,701,1167
2021-01,702,1223
2021-01,703,1242
2021-01,704,1193
2021-01,705,1145
2021-01,706,1228
2021-01,707,1218
2021-01,708,1145
2021-01,709,1224
2021-01,710,1187
2021-01,711,1186
2021-01,712,1129
2021-01,713,1105
2021-01,714,1160
2021-01,715,1162
2021-01,716,1148
2021-01,717,1205
2021-01,718,1154
2021-01,719,1139
2021-01,720,1133
2021-01,721,1207
2021-01,722,1096
2021-01,723,1122
2021-01,724,1158
2021-01,725,1093
2021-01,726,1126
2021-01,727,1130
2021-01,728,1136
2021-01,729,1094
2021-01,730,1009
2021-01,731,1086
2021-01,732,1121
2021-01,733,1118
2021-01,734,1047
2021-01,735,1043
2021-01,736,1099
2021-01,737,1060
2021-01,738,1066
2021-01,739,1110
2021-01,740,1078
2021-01,741,1023
2021-01,742,1011
2021-01,743,1022
2021-01,744,1075
2021-01,745,1049
2021-01,746,1024
2021-01,747,1036
2021-01,748,974
2021-01,749,1035
2021-01,750,1033
2021-01,751,993
2021-01,752,1061
2021-01,753,1059
2021-01,754,1105
2021-01,755,1081
2021-01,756,1093
2021-01,757,989
2021-01,758,1040
2021-01,759,1033
2021-01,760,1059
2021-01,761,1021
2021-01,762,1015
2021-01,763,1043
2021-01,764,1019
2021-01,765,1036
2021-01,766,1016
2021-01,767,1016
2021-01,768,1005
2021-01,769,1023
2021-01,770,1029
2021-01,771,1026
2021-01,772,1026
2021-01,773,1021
2021-01,774,1069
2021-01,775,1022
2021-01,776,1053
2021-01,777,995
2021-01,778,986
2021-01,779,1036
2021-01,780,1025
2021-01,781,937
2021-01,782,1012
2021-01,783,1087
2021-01,784,1031
2021-01,785,995
2021-01,786,967
2021-01,787,998
2021-01,788,995
2021-01,789,968
2021-01,790,1030
2021-01,791,1062
2021-01,792,997
2021-01,793,1064
2021-01,794,1019
2021-01,795,1035
2021-01,796,980
2021-01,797,1002
2021-01,798,966
2021-01,799,980
2021-01,800,1003
2021-01,801,991
2021-01,802,954
2021-01,803,928
2021-01,804,995
2021-01,805,1016
2021-01,806,932
2021-01,807,971
2021-01,808,1017
2021-01,809,970
2021-01,810,977
2021-01,811,962
2021-01,812,988
2021-01,813,994
2021-01,814,977
2021-01,815,997
2021-01,816,969
2021-01,817,987
2021-01,818,863
2021-01,819,942
2021-01,820,950
2021-01,821,938
2021-01,822,947
2021-01,823,923
2021-01,824,982
2021-01,825,976
2021-01,826,1004
2021-01,827,986
2021-01,828,941
2021-01,829,980
2021-01,830,911
2021-01,831,920
2021-01,832,929
2021-01,833,904
2021-01,834,951
2021-01,835,994
2021-01,836,947
2021-01,837,944
2021-01,838,909
2021-01,839,889
2021-01,840,963
2021-01,841,939
2021-01,842,929
2021-01,843,897
2021-01,844,864
2021-01,845,930
2021-01,846,905
2021-01,847,888
2021-01,848,898
2021-01,849,917
2021-01,850,818
2021-01,851,896
2021-01,852,880
2021-01,853,898
2021-01,854,903
2021-01,855,858
2021-01,856,885
2021-01,857,876
2021-01,858,921
2021-01,859,923
2021-01,860,890
2021-01,861,912
2021-01,862,881
2021-01,863,831
2021-01,864,904
2021-01,865,859
2021-01,866,878
2021-01,867,885
2021-01,868,916
2021-01,869,869
2021-01,870,882
2021-01,871,852
2021-01,872,889
2021-01,873,923
2021-01,874,893
2021-01,875,843
2021-01,876,857
2021-01,877,876
2021-01,878,861
2021-01,879,934
2021-01,880,851
2021-01,881,910
2021-01,882,857
2021-01,883,883
2021-01,884,844
2021-01,885,855
2021-01,886,873
2021-01,887,920
2021-01,888,869
2021-01,889,838
2021-01,890,822
2021-01,891,793
2021-01,892,869
2021-01,893,812
2021-01,894,825
2021-01,895,897
2021-01,896,834
2021-01,897,822
2021-01,898,853
2021-01,899,842
2021-01,900,815
2021-01,901,851
2021-01,902,842
2021-01,903,811
2021-01,904,823
2021-01,905,859
2021-01,906,874
2021-01,907,836
2021-01,908,868
2021-01,909,870
2021-01,910,874
2021-01,911,849
2021-01,912,872
2021-01,913,842
2021-01,914,860
2021-01,915,890
2021-01,916,867
2021-01,917,836
2021-01,918,822
2021-01,919,865
2021-01,920,878
2021-01,921,874
2021-01,922,841
2021-01,923,827
2021-01,924,828
2021-01,925,881
2021-01,926,871
2021-01,927,823
2021-01,928,877
2021-01,929,832
2021-01,930,819
2021-01,931,868
2021-01,932,849
2021-01,933,863
2021-01,934,847
2021-01,935,836
2021-01,936,876
2021-01,937,897
2021-01,938,889
2021-01,939,879
2021-01,940,901
2021-01,941,861
2021-01,942,857
2021-01,943,865
2021-01,944,835
2021-01,945,858
2021-01,946,885
2021-01,947,870
2021-01,948,807
2021-01,949,883
2021-01,950,865
2021-01,951,815
2021-01,952,928
2021-01,953,871
2021-01,954,837
2021-01,955,864
2021-01,956,905
2021-01,957,885
2021-01,958,846
2021-01,959,886
2021-01,960,873
2021-01,961,858
2021-01,962,854
2021-01,963,920
2021-01,964,927
2021-01,965,821
2021-01,966,858
2021-01,967,925
2021-01,968,850
2021-01,969,936
2021-01,970,892
2021-01,971,817
2021-01,972,846
2021-01,973,914
2021-01,974,887
2021-01,975,893
2021-01,976,885
2021-01,977,858
2021-01,978,931
2021-01,979,864
2021-01,980,890
2021-01,981,942
2021-01,982,913
2021-01,983,883
2021-01,984,932
2021-01,985,908
2021-01,986,850
2021-01,987,957
2021-01,988,951
2021-01,989,874
2021-01,990,952
2021-01,991,857
2021-01,992,923
2021-01,993,867
2021-01,994,916
2021-01,995,904
2021-01,996,945
2021-01,997,877
2021-01,998,913
2021-01,999,912
2021-01,1000,910
2021-02,0,214
2021-02,1,579
2021-02,2,703
2021-02,3,762
2021-02,4,824
2021-02,5,857
2021-02,6,855
2021-02,7,925
2021-02,8,949
2021-02,9,1005
2021-02,10,940
2021-02,11,1086
2021-02,12,1049
2021-02,13,1087
2021-02,14,1136
2021-02,15,1103
2021-02,16,1116
2021-02,17,1155
2021-02,18,1179
2021-02,19,1228
2021-02,20,1140
2021-02,21,1181
2021-02,22,1165
2021-02,23,1163
2021-02,24,1168
2021-02,25,1212
2021-02,26,1288
2021-02,27,1162
2021-02,28,1221
2021-02,29,1227
2021-02,30,1276
2021-02,31,1219
2021-02,32,1246
2021-02,33,1261
2021-02,34,1227
2021-02,35,1243
2021-02,36,1277
2021-02,37,1236
2021-02,38,1215
2021-02,39,1202
2021-02,40,1269
2021-02,41,1177
2021-02,42,1168
2021-02,43,1262
2021-02,44,1263
2021-02,45,1239
2021-02,46,1256
2021-02,47,1227
2021-02,48,1248
2021-02,49,1302
2021-02,50,1261
2021-02,51,1280
2021-02,52,1245
2021-02,53,1243
2021-02,54,1270
2021-02,55,1256
2021-02,56,1264
2021-02,57,1305
2021-02,58,1293
2021-02,59,1260
2021-02,60,1266
2021-02,61,1272
2021-02,62,1295
2021-02,63,1314
2021-02,64,1310
2021-02,65,1223
2021-02,66,1255
2021-02,67,1278
2021-02,68,1310
2021-02,69,1336
2021-02,70,1255
2021-02,71,1276
2021-02,72,1290
2021-02,73,1268
2021-02,74,1272
2021-02,75,1302
2021-02,76,1300
2021-02,77,1310
2021-02,78,1360
2021-02,79,1229
2021-02,80,1231
2021-02,81,1356
2021-02,82,1290
2021-02,83,1346
2021-02,84,1243
2021-02,85,1302
2021-02,86,1361
2021-02,87,1258
2021-02,88,1329
2021-02,89,1299
2021-02,90,1311
2021-02,91,1330
2021-02,92,1253
2021-02,93,1282
2021-02,94,1271
2021-02,95,1265
2021-02,96,1286
2021-02,97,1357
2021-02,98,1311
2021-02,99,1326
2021-02,100,1243
2021-02,101,1333
2021-02,102,1329
2021-02,103,1278
2021-02,104,1348
2021-02,105,1333
2021-02,106,1361
2021-02,107,1297
2021-02,108,1358
2021-02,109,1259
2021-02,110,1282
2021-02,111,1302
2021-02,112,1299
2021-02,113,1332
2021-02,114,1309
2021-02,115,1297
2021-02,116,1324
2021-02,117,1333
2021-02,118,1302
2021-02,119,1319
2021-02,120,1322
2021-02,121,1373
2021-02,122,1338
2021-02,123,1321
2021-02,124,1291
2021-02,125,1311
2021-02,126,1327
2021-02,127,1395
2021-02,128,1371
2021-02,129,1345
2021-02,130,1360
2021-02,131,1283
2021-02,132,1286
2021-02,133,1326
2021-02,134,1363
2021-02,135,1346
2021-02,136,1403
2021-02,137,1296
2021-02,138,1327
2021-02,139,1356
2021-02,140,1347
2021-02,141,1307
2021-02,142,1329
2021-02,143,1303
2021-02,144,1331
2021-02,145,1323
2021-02,146,1330
2021-02,147,1303
2021-02,148,1415
2021-02,149,1380
2021-02,150,1308
2021-02,151,1364
2021-02,152,1381
2021-02,153,1318
2021-02,154,1324
2021-02,155,1340
2021-02,156,1360
2021-02,157,1391
2021-02,158,1386
2021-02,159,1344
2021-02,160,1355
2021-02,161,1379
2021-02,162,1380
2021-02,163,1411
2021-02,164,1359
2021-02,165,1417
2021-02,166,1373
2021-02,167,1421
2021-02,168,1421
2021-02,169,1413
2021-02,170,1407
2021-02,171,1432
2021-02,172,1412
2021-02,173,1385
2021-02,174,1422
2021-02,175,1424
2021-02,176,1454
2021-02,177,1444
2021-02,178,1448
2021-02,179,1410
2021-02,180,1477
2021-02,181,1479
2021-02,182,1433
2021-02,183,1454
2021-02,184,1491
2021-02,185,1545
2021-02,186,1492
2021-02,187,1496
2021-02,188,1462
2021-02,189,1478
2021-02,190,1476
2021-02,191,1471
2021-02,192,1515
2021-02,193,1469
2021-02,194,1564
2021-02,195,1472
2021-02,196,1518
2021-02,197,1483
2021-02,198,1449
2021-02,199,1547
2021-02,200,1544
2021-02,201,1519
2021-02,202,1509
2021-02,203,1469
2021-02,204,1558
2021-02,205,1516
2021-02,206,1541
2021-02,207,1541
2021-02,208,1511
2021-02,209,1536
2021-02,210,1528
2021-02,211,1592
2021-02,212,1509
2021-02,213,1564
2021-02,214,1544
2021-02,215,1508
2021-02,216,1508
2021-02,217,1562
2021-02,218,1526
2021-02,219,1548
2021-02,220,1534
2021-02,221,1561
2021-02,222,1509
2021-02,223,1608
2021-02,224,1603
2021-02,225,1532
2021-02,226,1568
2021-02,227,1535
2021-02,228,1562
2021-02,229,1506
2021-02,230,1451
2021-02,231,1491
2021-02,232,1606
2021-02,233,1513
2021-02,234,1565
2021-02,235,1513
2021-02,236,1548
2021-02,237,1534
2021-02,238,1506
2021-02,239,1498
2021-02,240,1494
2021-02,241,1534
2021-02,242,1538
2021-02,243,1602
2021-02,244,1518
2021-02,245,1520
2021-02,246,1571
2021-02,247,1571
2021-02,248,1541
2021-02,249,1582
2021-02,250,1564
2021-02,251,1602
2021-02,252,1565
2021-02,253,1549
2021-02,254,1558
2021-02,255,1591
2021-02,256,1518
2021-02,257,1588
2021-02,258,1624
2021-02,259,1582
2021-02,260,1637
2021-02,261,1593
2021-02,262,1605
2021-02,263,1650
2021-02,264,1561
2021-02,265,1592
2021-02,266,1549
2021-02,267,1573
2021-02,268,1517
2021-02,269,1628
2021-02,270,1611
2021-02,271,1635
2021-02,272,1700
2021-02,273,1668
2021-02,274,1532
2021-02,275,1592
2021-02,276,1534
2021-02,277,1579
2021-02,278,1626
2021-02,279,1553
2021-02,280,1591
2021-02,281,1678
2021-02,282,1593
2021-02,283,1566
2021-02,284,1632
2021-02,285,1655
2021-02,286,1628
2021-02,287,1666
2021-02,288,1540
2021-02,289,1704
2021-02,290,1669
2021-02,291,1633
2021-02,292,1683
2021-02,293,1573
2021-02,294,1703
2021-02,295,1672
2021-02,296,1654
2021-02,297,1680
2021-02,298,1638
2021-02,299,1624
2021-02,300,1645
2021-02,301,1691
2021-02,302,1657
2021-02,303,1636
2021-02,304,1581
2021-02,305,1684
2021-02,306,1719
2021-02,307,1681
2021-02,308,1581
2021-02,309,1637
2021-02,310,1720
2021-02,311,1685
2021-02,312,1630
2021-02,313,1656
2021-02,314,1616
2021-02,315,1633
2021-02,316,1663
2021-02,317,1701
2021-02,318,1702
2021-02,319,1714
2021-02,320,1819
2021-02,321,1748
2021-02,322,1788
2021-02,323,1821
2021-02,324,1778
2021-02,325,1814
2021-02,326,1763
2021-02,327,1849
2021-02,328,1753
2021-02,329,1878
2021-02,330,1812
2021-02,331,1853
2021-02,332,1812
2021-02,333,1742
2021-02,334,1815
2021-02,335,1893
2021-02,336,1797
2021-02,337,1857
2021-02,338,1807
2021-02,339,1877
2021-02,340,1870
2021-02,341,1864
2021-02,342,1890
2021-02,343,1822
2021-02,344,1885
2021-02,345,1839
2021-02,346,1863
2021-02,347,1852
2021-02,348,1850
2021-02,349,1803
2021-02,350,1836
2021-02,351,1783
2021-02,352,1827
2021-02,353,1826
2021-02,354,1780
2021-02,355,1778
2021-02,356,1824
2021-02,357,1769
2021-02,358,1816
2021-02,359,1796
2021-02,360,1734
2021-02,361,1748
2021-02,362,1696
2021-02,363,1739
2021-02,364,1719
2021-02,365,1695
2021-02,366,1668
2021-02,367,1673
2021-02,368,1622
2021-02,369,1677
2021-02,370,1680
2021-02,371,1646
2021-02,372,1649
2021-02,373,1676
2021-02,374,1599
2021-02,375,1673
2021-02,376,1568
2021-02,377,1663
2021-02,378,1557
2021-02,379,1612
2021-02,380,1522
2021-02,381,1550
2021-02,382,1585
2021-02,383,1518
2021-02,384,1571
2021-02,385,1538
2021-02,386,1604
2021-02,387,1634
2021-02,388,1523
2021-02,389,1576
2021-02,390,1589
2021-02,391,1550
2021-02,392,1573
2021-02,393,1508
2021-02,394,1544
2021-02,395,1554
2021-02,396,1543
2021-02,397,1522
2021-02,398,1487
2021-02,399,1587
2021-02,400,1531
2021-02,401,1461
2021-02,402,1485
2021-02,403,1482
2021-02,404,1472
2021-02,405,1502
2021-02,406,1506
2021-02,407,1447
2021-02,408,1522
2021-02,409,1503
2021-02,410,1461
2021-02,411,1505
2021-02,412,1483
2021-02,413,1501
2021-02,414,1465
2021-02,415,1453
2021-02,416,1494
2021-02,417,1429
2021-02,418,1468
2021-02,419,1450
2021-02,420,1459
2021-02,421,1414
2021-02,422,1464
2021-02,423,1444
2021-02,424,1490
2021-02,425,1420
2021-02,426,1490
2021-02,427,1479
2021-02,428,1413
2021-02,429,1463
2021-02,430,1504
2021-02,431,1430
2021-02,432,1424
2021-02,433,1526
2021-02,434,1429
2021-02,435,1439
2021-02,436,1468
2021-02,437,1399
2021-02,438,1436
2021-02,439,1421
2021-02,440,1433
2021-02,441,1529
2021-02,442,1477
2021-02,443,1449
2021-02,444,1422
2021-02,445,1494
2021-02,446,1465
2021-02,447,1441
2021-02,448,1493
2021-02,449,1522
2021-02,450,1410
2021-02,451,1520
2021-02,452,1483
2021-02,453,1513
2021-02,454,1498
2021-02,455,1436
2021-02,456,1442
2021-02,457,1432
2021-02,458,1474
2021-02,459,1491
2021-02,460,1452
2021-02,461,1456
2021-02,462,1441
2021-02,463,1453
2021-02,464,1512
2021-02,465,1483
2021-02,466,1478
2021-02,467,1485
2021-02,468,1494
2021-02,469,1480
2021-02,470,1452
2021-02,471,1426
2021-02,472,1480
2021-02,473,1476
2021-02,474,1423
2021-02,475,1432
2021-02,476,1514
2021-02,477,1485
2021-02,478,1464
2021-02,479,1469
2021-02,480,1454
2021-02,481,1411
2021-02,482,1489
2021-02,483,1432
2021-02,484,1435
2021-02,485,1513
2021-02,486,1484
2021-02,487,1491
2021-02,488,1448
2021-02,489,1405
2021-02,490,1419
2021-02,491,1431
2021-02,492,1436
2021-02,493,1492
2021-02,494,1486
2021-02,495,1523
2021-02,496,1497
2021-02,497,1377
2021-02,498,1480
2021-02,499,1505
2021-02,500,1395
2021-02,501,1405
2021-02,502,1465
2021-02,503,1505
2021-02,504,1460
2021-02,505,1496
2021-02,506,1524
2021-02,507,1435
2021-02,508,1547
2021-02,509,1498
2021-02,510,1515
2021-02,511,1428
2021-02,512,1422
2021-02,513,1477
2021-02,514,1481
2021-02,515,1510
2021-02,516,1511
2021-02,517,1414
2021-02,518,1364
2021-02,519,1477
2021-02,520,1408
2021-02,521,1396
2021-02,522,1452
2021-02,523,1511
2021-02,524,1564
2021-02,525,1404
2021-02,526,1519
2021-02,527,1517
2021-02,528,1480
2021-02,529,1481
2021-02,530,1423
2021-02,531,1442
2021-02,532,1476
2021-02,533,1438
2021-02,534,1463
2021-02,535,1517
2021-02,536,1494
2021-02,537,1479
2021-02,538,1498
2021-02,539,1490
2021-02,540,1464
2021-02,541,1471
2021-02,542,1453
2021-02,543,1414
2021-02,544,1446
2021-02,545,1402
2021-02,546,1447
2021-02,547,1470
2021-02,548,1424
2021-02,549,1494
2021-02,550,1491
2021-02,551,1469
2021-02,552,1466
2021-02,553,1454
2021-02,554,1526
2021-02,555,1486
2021-02,556,1525
2021-02,557,1434
2021-02,558,1473
2021-02,559,1418
2021-02,560,1479
2021-02,561,1424
2021-02,562,1443
2021-02,563,1462
2021-02,564,1554
2021-02,565,1411
2021-02,566,1482
2021-02,567,1450
2021-02,568,1478
2021-02,569,1480
2021-02,570,1516
2021-02,571,1455
2021-02,572,1487
2021-02,573,1447
2021-02,574,1469
2021-02,575,1483
2021-02,576,1505
2021-02,577,1473
2021-02,578,1517
2021-02,579,1465
2021-02,580,1520
2021-02,581,1461
2021-02,582,1518
2021-02,583,1433
2021-02,584,1479
2021-02,585,1455
2021-02,586,1529
2021-02,587,1417
2021-02,588,1478
2021-02,589,1456
2021-02,590,1483
2021-02,591,1452
2021-02,592,1410
2021-02,593,1521
2021-02,594,1569
2021-02,595,1544
2021-02,596,1519
2021-02,597,1529
2021-02,598,1448
2021-02,599,1484
2021-02,600,1586
2021-02,601,1480
2021-02,602,1498
2021-02,603,1608
2021-02,604,1521
2021-02,605,1536
2021-02,606,1501
2021-02,607,1513
2021-02,608,1550
2021-02,609,1501
2021-02,610,1503
2021-02,611,1585
2021-02,612,1558
2021-02,613,1481
2021-02,614,1551
2021-02,615,1534
2021-02,616,1557
2021-02,617,1505
2021-02,618,1551
2021-02,619,1568
2021-02,620,1517
2021-02,621,1656
2021-02,622,1550
2021-02,623,1529
2021-02,624,1562
2021-02,625,1542
2021-02,626,1556
2021-02,627,1534
2021-02,628,1560
2021-02,629,1541
2021-02,630,1630
2021-02,631,1611
2021-02,632,1653
2021-02,633,1538
2021-02,634,1594
2021-02,635,1596
2021-02,636,1549
2021-02,637,1529
2021-02,638,1600
2021-02,639,1615
2021-02,640,1609
2021-02,641,1604
2021-02,642,1606
2021-02,643,1679
2021-02,644,1652
2021-02,645,1655
2021-02,646,1543
2021-02,647,1623
2021-02,648,1640
2021-02,649,1580
2021-02,650,1639
2021-02,651,1669
2021-02,652,1707
2021-02,653,1737
2021-02,654,1677
2021-02,655,1616
2021-02,656,1744
2021-02,657,1615
2021-02,658,1668
2021-02,659,1720
2021-02,660,1680
2021-02,661,1670
2021-02,662,1739
2021-02,663,1694
2021-02,664,1625
2021-02,665,1702
2021-02,666,1775
2021-02,667,1760
2021-02,668,1775
2021-02,669,1705
2021-02,670,1675
2021-02,671,1701
2021-02,672,1837
2021-02,673,1718
2021-02,674,1795
2021-02,675,1776
2021-02,676,1764
2021-02,677,1734
2021-02,678,1832
2021-02,679,1760
2021-02,680,1771
2021-02,681,1750
2021-02,682,1807
2021-02,683,1749
2021-02,684,1757
2021-02,685,1716
2021-02,686,1760
2021-02,687,1788
2021-02,688,1805
2021-02,689,1732
2021-02,690,1742
2021-02,691,1740
2021-02,692,1710
2021-02,693,1692
2021-02,694,1742
2021-02,695,1688
2021-02,696,1725
2021-02,697,1759
2021-02,698,1743
2021-02,699,1663
2021-02,700,1781
2021-02,701,1655
2021-02,702,1548
2021-02,703,1662
2021-02,704,1649
2021-02,705,1593
2021-02,706,1632
2021-02,707,1594
2021-02,708,1647
2021-02,709,1680
2021-02,710,1585
2021-02,711,1711
2021-02,712,1613
2021-02,713,1669
2021-02,714,1652
2021-02,715,1638
2021-02,716,1587
2021-02,717,1569
2021-02,718,1650
2021-02,719,1510
2021-02,720,1536
2021-02,721,1634
2021-02,722,1668
2021-02,723,1564
2021-02,724,1641
2021-02,725,1592
2021-02,726,1644
2021-02,727,1600
2021-02,728,1602
2021-02,729,1539
2021-02,730,1562
2021-02,731,1598
2021-02,732,1620
2021-02,733,1595
2021-02,734,1546
2021-02,735,1614
2021-02,736,1561
2021-02,737,1595
2021-02,738,1547
2021-02,739,1561
2021-02,740,1548
2021-02,741,1563
2021-02,742,1523
2021-02,743,1567
2021-02,744,1558
2021-02,745,1594
2021-02,746,1560
2021-02,747,1583
2021-02,748,1583
2021-02,749,1569
2021-02,750,1536
2021-02,751,1572
2021-02,752,1598
2021-02,753,1537
2021-02,754,1542
2021-02,755,1556
2021-02,756,1549
2021-02,757,1579
2021-02,758,1613
2021-02,759,1569
2021-02,760,1566
2021-02,761,1604
2021-02,762,1502
2021-02,763,1610
2021-02,764,1575
2021-02,765,1552
2021-02,766,1620
2021-02,767,1556
2021-02,768,1518
2021-02,769,1564
2021-02,770,1523
2021-02,771,1593
2021-02,772,1541
2021-02,773,1516
2021-02,774,1525
2021-02,775,1516
2021-02,776,1588
2021-02,777,1465
2021-02,778,1457
2021-02,779,1517
2021-02,780,1554
2021-02,781,1461
2021-02,782,1499
2021-02,783,1463
2021-02,784,1575
2021-02,785,1520
2021-02,786,1552
2021-02,787,1470
2021-02,788,1535
2021-02,789,1529
2021-02,790,1487
2021-02,791,1498
2021-02,792,1532
2021-02,793,1529
2021-02,794,1525
2021-02,795,1473
2021-02,796,1474
2021-02,797,1467
2021-02,798,1518
2021-02,799,1468
2021-02,800,1502
2021-02,801,1482
2021-02,802,1484
2021-02,803,1472
2021-02,804,1500
2021-02,805,1468
2021-02,806,1442
2021-02,807,1474
2021-02,808,1481
2021-02,809,1440
2021-02,810,1456
2021-02,811,1468
2021-02,812,1486
2021-02,813,1445
2021-02,814,1392
2021-02,815,1453
2021-02,816,1423
2021-02,817,1436
2021-02,818,1421
2021-02,819,1486
2021-02,820,1472
2021-02,821,1445
2021-02,822,1423
2021-02,823,1417
2021-02,824,1413
2021-02,825,1473
2021-02,826,1387
2021-02,827,1420
2021-02,828,1408
2021-02,829,1338
2021-02,830,1467
2021-02,831,1403
2021-02,832,1413
2021-02,833,1360
2021-02,834,1439
2021-02,835,1404
2021-02,836,1365
2021-02,837,1431
2021-02,838,1424
2021-02,839,1399
2021-02,840,1477
2021-02,841,1383
2021-02,842,1419
2021-02,843,1445
2021-02,844,1375
2021-02,845,1383
2021-02,846,1426
2021-02,847,1379
2021-02,848,1387
2021-02,849,1396
2021-02,850,1413
2021-02,851,1431
2021-02,852,1422
2021-02,853,1416
2021-02,854,1391
2021-02,855,1400
2021-02,856,1403
2021-02,857,1348
2021-02,858,1393
2021-02,859,1439
2021-02,860,1354
2021-02,861,1434
2021-02,862,1371
2021-02,863,1340
2021-02,864,1342
2021-02,865,1324
2021-02,866,1376
2021-02,867,1367
2021-02,868,1398
2021-02,869,1362
2021-02,870,1354
2021-02,871,1328
2021-02,872,1326
2021-02,873,1303
2021-02,874,1388
2021-02,875,1411
2021-02,876,1352
2021-02,877,1352
2021-02,878,1368
2021-02,879,1358
2021-02,880,1314
2021-02,881,1300
2021-02,882,1372
2021-02,883,1367
2021-02,884,1343
2021-02,885,1333
2021-02,886,1402
2021-02,887,1348
2021-02,888,1323
2021-02,889,1319
2021-02,890,1453
2021-02,891,1441
2021-02,892,1346
2021-02,893,1377
2021-02,894,1375
2021-02,895,1362
2021-02,896,1391
2021-02,897,1374
2021-02,898,1387
2021-02,899,1379
2021-02,900,1397
2021-02,901,1318
2021-02,902,1320
2021-02,903,1373
2021-02,904,1357
2021-02,905,1421
2021-02,906,1344
2021-02,907,1419
2021-02,908,1458
2021-02,909,1332
2021-02,910,1415
2021-02,911,1393
2021-02,912,1411
2021-02,913,1403
2021-02,914,1359
2021-02,915,1428
2021-02,916,1448
2021-02,917,1408
2021-02,918,1406
2021-02,919,1464
2021-02,920,1367
2021-02,921,1447
2021-02,922,1386
2021-02,923,1350
2021-02,924,1433
2021-02,925,1382
2021-02,926,1365
2021-02,927,1367
2021-02,928,1397
2021-02,929,1425
2021-02,930,1373
2021-02,931,1463
2021-02,932,1390
2021-02,933,1461
2021-02,934,1418
2021-02,935,1427
2021-02,936,1425
2021-02,937,1390
2021-02,938,1378
2021-02,939,1424
2021-02,940,1354
2021-02,941,1406
2021-02,942,1490
2021-02,943,1437
2021-02,944,1410
2021-02,945,1409
2021-02,946,1407
2021-02,947,1410
2021-02,948,1434
2021-02,949,1436
2021-02,950,1400
2021-02,951,1377
2021-02,952,1440
2021-02,953,1454
2021-02,954,1442
2021-02,955,1440
2021-02,956,1470
2021-02,957,1409
2021-02,958,1414
2021-02,959,1499
2021-02,960,1496
2021-02,961,1409
2021-02,962,1497
2021-02,963,1488
2021-02,964,1488
2021-02,965,1459
2021-02,966,1525
2021-02,967,1468
2021-02,968,1468
2021-02,969,1398
2021-02,970,1439
2021-02,971,1500
2021-02,972,1449
2021-02,973,1494
2021-02,974,1507
2021-02,975,1490
2021-02,976,1455
2021-02,977,1461
2021-02,978,1423
2021-02,979,1394
2021-02,980,1464
2021-02,981,1516
2021-02,982,1446
2021-02,983,1500
2021-02,984,1479
2021-02,985,1505
2021-02,986,1427
2021-02,987,1513
2021-02,988,1561
2021-02,989,1470
2021-02,990,1427
2021-02,991,1509
2021-02,992,1512
2021-02,993,1503
2021-02,994,1475
2021-02,995,1559
2021-02,996,1493
2021-02,997,1481
2021-02,998,1502
2021-02,999,1507
2021-02,1000,1477
2021-03,0,133
2021-03,1,297
2021-03,2,345
2021-03,3,371
2021-03,4,418
2021-03,5,421
2021-03,6,422
2021-03,7,529
2021-03,8,479
2021-03,9,513
2021-03,10,541
2021-03,11,576
2021-03,12,634
2021-03,13,613
2021-03,14,671
2021-03,15,677
2021-03,16,681
2021-03,17,681
2021-03,18,746
2021-03,19,682
2021-03,20,689
2021-03,21,728
2021-03,22,747
2021-03,23,802
2021-03,24,755
2021-03,25,777
2021-03,26,782
2021-03,27,824
2021-03,28,768
2021-03,29,791
2021-03,30,783
2021-03,31,781
2021-03,32,830
2021-03,33,796
2021-03,34,861
2021-03,35,887
2021-03,36,910
2021-03,37,843
2021-03,38,835
2021-03,39,820
2021-03,40,878
2021-03,41,819
2021-03,42,874
2021-03,43,908
2021-03,44,842
2021-03,45,789
2021-03,46,866
2021-03,47,896
2021-03,48,887
2021-03,49,845
2021-03,50,899
2021-03,51,906
2021-03,52,838
2021-03,53,862
2021-03,54,902
2021-03,55,859
2021-03,56,953
2021-03,57,928
2021-03,58,834
2021-03,59,925
2021-03,60,881
2021-03,61,875
2021-03,62,938
2021-03,63,899
2021-03,64,903
2021-03,65,927
2021-03,66,871
2021-03,67,920
2021-03,68,884
2021-03,69,963
2021-03,70,935
2021-03,71,896
2021-03,72,901
2021-03,73,856
2021-03,74,922
2021-03,75,894
2021-03,76,925
2021-03,77,913
2021-03,78,941
2021-03,79,913
2021-03,80,918
2021-03,81,968
2021-03,82,915
2021-03,83,935
2021-03,84,944
2021-03,85,903
2021-03,86,930
2021-03,87,956
2021-03,88,918
2021-03,89,962
2021-03,90,930
2021-03,91,942
2021-03,92,943
2021-03,93,897
2021-03,94,975
2021-03,95,977
2021-03,96,957
2021-03,97,955
2021-03,98,906
2021-03,99,988
2021-03,100,968
2021-03,101,941
2021-03,102,947
2021-03,103,981
2021-03,104,885
2021-03,105,996
2021-03,106,981
2021-03,107,972
2021-03,108,976
2021-03,109,1001
2021-03,110,1007
2021-03,111,987
2021-03,112,1005
2021-03,113,982
2021-03,114,986
2021-03,115,938
2021-03,116,968
2021-03,117,930
2021-03,118,1019
2021-03,119,938
2021-03,120,1013
2021-03,121,966
2021-03,122,985
2021-03,123,998
2021-03,124,982
2021-03,125,1005
2021-03,126,958
2021-03,127,943
2021-03,128,1065
2021-03,129,1020
2021-03,130,1045
2021-03,131,1020
2021-03,132,1076
2021-03,133,1004
2021-03,134,1016
2021-03,135,1009
2021-03,136,995
2021-03,137,1015
2021-03,138,1081
2021-03,139,1058
2021-03,140,1056
2021-03,141,1036
2021-03,142,1035
2021-03,143,969
2021-03,144,1096
2021-03,145,1049
2021-03,146,1038
2021-03,147,1087
2021-03,148,1087
2021-03,149,1023
2021-03,150,1175
2021-03,151,1067
2021-03,152,1047
2021-03,153,1078
2021-03,154,1090
2021-03,155,1156
2021-03,156,1080
2021-03,157,1130
2021-03,158,1121
2021-03,159,1092
2021-03,160,1144
2021-03,161,1100
2021-03,162,1084
2021-03,163,1153
2021-03,164,1077
2021-03,165,1077
2021-03,166,1152
2021-03,167,1111
2021-03,168,1081
2021-03,169,1150
2021-03,170,1204
2021-03,171,1163
2021-03,172,1162
2021-03,173,1139
2021-03,174,1126
2021-03,175,1147
2021-03,176,1198
2021-03,177,1145
2021-03,178,1117
2021-03,179,1172
2021-03,180,1166
2021-03,181,1167
2021-03,182,1158
2021-03,183,1187
2021-03,184,1177
2021-03,185,1115
2021-03,186,1108
2021-03,187,1178
2021-03,188,1131
2021-03,189,1105
2021-03,190,1193
2021-03,191,1149
2021-03,192,1114
2021-03,193,1175
2021-03,194,1131
2021-03,195,1185
2021-03,196,1211
2021-03,197,1182
2021-03,198,1132
2021-03,199,1180
2021-03,200,1183
2021-03,201,1149
2021-03,202,1139
2021-03,203,1147
2021-03,204,1202
2021-03,205,1168
2021-03,206,1190
2021-03,207,1221
2021-03,208,1138
2021-03,209,1182
2021-03,210,1195
2021-03,211,1167
2021-03,212,1173
2021-03,213,1214
2021-03,214,1114
2021-03,215,1177
2021-03,216,1142
2021-03,217,1134
2021-03,218,1165
2021-03,219,1096
2021-03,220,1201
2021-03,221,1118
2021-03,222,1149
2021-03,223,1162
2021-03,224,1188
2021-03,225,1148
2021-03,226,1200
2021-03,227,1168
2021-03,228,1183
2021-03,229,1204
2021-03,230,1191
2021-03,231,1233
2021-03,232,1220
2021-03,233,1268
2021-03,234,1204
2021-03,235,1122
2021-03,236,1194
2021-03,237,1210
2021-03,238,1160
2021-03,239,1263
2021-03,240,1190
2021-03,241,1199
2021-03,242,1239
2021-03,243,1263
2021-03,244,1197
2021-03,245,1253
2021-03,246,1222
2021-03,247,1227
2021-03,248,1268
2021-03,249,1230
2021-03,250,1253
2021-03,251,1227
2021-03,252,1306
2021-03,253,1263
2021-03,254,1206
2021-03,255,1254
2021-03,256,1243
2021-03,257,1234
2021-03,258,1199
2021-03,259,1240
2021-03,260,1327
2021-03,261,1262
2021-03,262,1285
2021-03,263,1299
2021-03,264,1296
2021-03,265,1249
2021-03,266,1245
2021-03,267,1250
2021-03,268,1298
2021-03,269,1261
2021-03,270,1258
2021-03,271,1291
2021-03,272,1284
2021-03,273,1340
2021-03,274,1280
2021-03,275,1232
2021-03,276,1249
2021-03,277,1360
2021-03,278,1284
2021-03,279,1330
2021-03,280,1359
2021-03,281,1304
2021-03,282,1342
2021-03,283,1288
2021-03,284,1335
2021-03,285,1304
2021-03,286,1311
2021-03,287,1301
2021-03,288,1372
2021-03,289,1433
2021-03,290,1327
2021-03,291,1409
2021-03,292,1345
2021-03,293,1324
2021-03,294,1388
2021-03,295,1386
2021-03,296,1412
2021-03,297,1437
2021-03,298,1450
2021-03,299,1456
2021-03,300,1457
2021-03,301,1440
2021-03,302,1406
2021-03,303,1416
2021-03,304,1428
2021-03,305,1461
2021-03,306,1566
2021-03,307,1398
2021-03,308,1479
2021-03,309,1442
2021-03,310,1481
2021-03,311,1448
2021-03,312,1540
2021-03,313,1481
2021-03,314,1614
2021-03,315,1475
2021-03,316,1473
2021-03,317,1460
2021-03,318,1463
2021-03,319,1453
2021-03,320,1494
2021-03,321,1428
2021-03,322,1470
2021-03,323,1439
2021-03,324,1495
2021-03,325,1444
2021-03,326,1509
2021-03,327,1384
2021-03,328,1411
2021-03,329,1407
2021-03,330,1354
2021-03,331,1452
2021-03,332,1446
2021-03,333,1379
2021-03,334,1361
2021-03,335,1371
2021-03,336,1362
2021-03,337,1339
2021-03,338,1317
2021-03,339,1278
2021-03,340,1301
2021-03,341,1359
2021-03,342,1341
2021-03,343,1288
2021-03,344,1295
2021-03,345,1241
2021-03,346,1290
2021-03,347,1265
2021-03,348,1252
2021-03,349,1265
2021-03,350,1290
2021-03,351,1242
2021-03,352,1299
2021-03,353,1239
2021-03,354,1213
2021-03,355,1198
2021-03,356,1235
2021-03,357,1222
2021-03,358,1217
2021-03,359,1230
2021-03,360,1177
2021-03,361,1238
2021-03,362,1239
2021-03,363,1234
2021-03,364,1168
2021-03,365,1263
2021-03,366,1226
2021-03,367,1188
2021-03,368,1195
2021-03,369,1155
2021-03,370,1133
2021-03,371,1209
2021-03,372,1188
2021-03,373,1204
2021-03,374,1201
2021-03,375,1204
2021-03,376,1199
2021-03,377,1134
2021-03,378,1197
2021-03,379,1197
2021-03,380,1151
2021-03,381,1158
2021-03,382,1174
2021-03,383,1195
2021-03,384,1138
2021-03,385,1208
2021-03,386,1153
2021-03,387,1178
2021-03,388,1144
2021-03,389,1183
2021-03,390,1180
2021-03,391,1115
2021-03,392,1231
2021-03,393,1158
2021-03,394,1171
2021-03,395,1129
2021-03,396,1168
2021-03,397,1118
2021-03,398,1180
2021-03,399,1200
2021-03,400,1196
2021-03,401,1148
2021-03,402,1226
2021-03,403,1133
2021-03,404,1139
2021-03,405,1235
2021-03,406,1157
2021-03,407,1186
2021-03,408,1197
2021-03,409,1195
2021-03,410,1166
2021-03,411,1148
2021-03,412,1119
2021-03,413,1216
2021-03,414,1093
2021-03,415,1168
2021-03,416,1157
2021-03,417,1158
2021-03,418,1205
2021-03,419,1135
2021-03,420,1193
2021-03,421,1170
2021-03,422,1183
2021-03,423,1216
2021-03,424,1157
2021-03,425,1127
2021-03,426,1234
2021-03,427,1143
2021-03,428,1186
2021-03,429,1186
2021-03,430,1220
2021-03,431,1220
2021-03,432,1155
2021-03,433,1179
2021-03,434,1206
2021-03,435,1186
2021-03,436,1180
2021-03,437,1198
2021-03,438,1179
2021-03,439,1189
2021-03,440,1168
2021-03,441,1192
2021-03,442,1222
2021-03,443,1210
2021-03,444,1212
2021-03,445,1202
2021-03,446,1166
2021-03,447,1166
2021-03,448,1150
2021-03,449,1117
2021-03,450,1207
2021-03,451,1157
2021-03,452,1202
2021-03,453,1178
2021-03,454,1221
2021-03,455,1189
2021-03,456,1177
2021-03,457,1212
2021-03,458,1188
2021-03,459,1173
2021-03,460,1211
2021-03,461,1177
2021-03,462,1154
2021-03,463,1190
2021-03,464,1182
2021-03,465,1182
2021-03,466,1185
2021-03,467,1194
2021-03,468,1153
2021-03,469,1170
2021-03,470,1124
2021-03,471,1175
2021-03,472,1141
2021-03,473,1167
2021-03,474,1171
2021-03,475,1146
2021-03,476,1185
2021-03,477,1196
2021-03,478,1285
2021-03,479,1170
2021-03,480,1243
2021-03,481,1189
2021-03,482,1156
2021-03,483,1217
2021-03,484,1163
2021-03,485,1236
2021-03,486,1227
2021-03,487,1243
2021-03,488,1229
2021-03,489,1186
2021-03,490,1185
2021-03,491,1196
2021-03,492,1189
2021-03,493,1217
2021-03,494,1173
2021-03,495,1220
2021-03,496,1200
2021-03,497,1136
2021-03,498,1239
2021-03,499,1165
2021-03,500,1222
2021-03,501,1231
2021-03,502,1111
2021-03,503,1174
2021-03,504,1175
2021-03,505,1178
2021-03,506,1210
2021-03,507,1244
2021-03,508,1165
2021-03,509,1156
2021-03,510,1165
2021-03,511,1180
2021-03,512,1170
2021-03,513,1201
2021-03,514,1132
2021-03,515,1185
2021-03,516,1174
2021-03,517,1188
2021-03,518,1238
2021-03,519,1160
2021-03,520,1140
2021-03,521,1174
2021-03,522,1163
2021-03,523,1127
2021-03,524,1233
2021-03,525,1198
2021-03,526,1192
2021-03,527,1214
2021-03,528,1167
2021-03,529,1164
2021-03,530,1230
2021-03,531,1161
2021-03,532,1186
2021-03,533,1137
2021-03,534,1252
2021-03,535,1219
2021-03,536,1214
2021-03,537,1203
2021-03,538,1207
2021-03,539,1167
2021-03,540,1187
2021-03,541,1214
2021-03,542,1164
2021-03,543,1210
2021-03,544,1210
2021-03,545,1201
2021-03,546,1147
2021-03,547,1196
2021-03,548,1200
2021-03,549,1280
2021-03,550,1273
2021-03,551,1193
2021-03,552,1253
2021-03,553,1244
2021-03,554,1220
2021-03,555,1163
2021-03,556,1211
2021-03,557,1183
2021-03,558,1259
2021-03,559,1276
2021-03,560,1224
2021-03,561,1143
2021-03,562,1212
2021-03,563,1272
2021-03,564,1189
2021-03,565,1214
2021-03,566,1282
2021-03,567,1221
2021-03,568,1292
2021-03,569,1192
2021-03,570,1204
2021-03,571,1282
2021-03,572,1217
2021-03,573,1210
2021-03,574,1277
2021-03,575,1264
2021-03,576,1225
2021-03,577,1265
2021-03,578,1307
2021-03,579,1254
2021-03,580,1328
2021-03,581,1242
2021-03,582,1242
2021-03,583,1239
2021-03,584,1290
2021-03,585,1276
2021-03,586,1215
2021-03,587,1247
2021-03,588,1280
2021-03,589,1223
2021-03,590,1160
2021-03,591,1299
2021-03,592,1375
2021-03,593,1243
2021-03,594,1285
2021-03,595,1264
2021-03,596,1311
2021-03,597,1239
2021-03,598,1218
2021-03,599,1311
2021-03,600,1349
2021-03,601,1286
2021-03,602,1313
2021-03,603,1286
2021-03,604,1290
2021-03,605,1284
2021-03,606,1273
2021-03,607,1309
2021-03,608,1306
2021-03,609,1303
2021-03,610,1299
2021-03,611,1317
2021-03,612,1271
2021-03,613,1327
2021-03,614,1303
2021-03,615,1326
2021-03,616,1390
2021-03,617,1308
2021-03,618,1276
2021-03,619,1310
2021-03,620,1323
2021-03,621,1423
2021-03,622,1365
2021-03,623,1354
2021-03,624,1319
2021-03,625,1348
2021-03,626,1467
2021-03,627,1384
2021-03,628,1416
2021-03,629,1379
2021-03,630,1383
2021-03,631,1409
2021-03,632,1364
2021-03,633,1380
2021-03,634,1347
2021-03,635,1386
2021-03,636,1432
2021-03,637,1501
2021-03,638,1396
2021-03,639,1387
2021-03,640,1500
2021-03,641,1496
2021-03,642,1425
2021-03,643,1400
2021-03,644,1434
2021-03,645,1442
2021-03,646,1477
2021-03,647,1428
2021-03,648,1414
2021-03,649,1472
2021-03,650,1436
2021-03,651,1482
2021-03,652,1418
2021-03,653,1388
2021-03,654,1373
2021-03,655,1457
2021-03,656,1426
2021-03,657,1407
2021-03,658,1482
2021-03,659,1423
2021-03,660,1461
2021-03,661,1416
2021-03,662,1429
2021-03,663,1439
2021-03,664,1390
2021-03,665,1421
2021-03,666,1450
2021-03,667,1437
2021-03,668,1376
2021-03,669,1425
2021-03,670,1400
2021-03,671,1364
2021-03,672,1384
2021-03,673,1436
2021-03,674,1426
2021-03,675,1373
2021-03,676,1407
2021-03,677,1391
2021-03,678,1391
2021-03,679,1325
2021-03,680,1355
2021-03,681,1366
2021-03,682,1275
2021-03,683,1325
2021-03,684,1304
2021-03,685,1407
2021-03,686,1392
2021-03,687,1374
2021-03,688,1367
2021-03,689,1274
2021-03,690,1401
2021-03,691,1308
2021-03,692,1323
2021-03,693,1308
2021-03,694,1327
2021-03,695,1363
2021-03,696,1342
2021-03,697,1431
2021-03,698,1340
2021-03,699,1324
2021-03,700,1372
2021-03,701,1302
2021-03,702,1366
2021-03,703,1331
2021-03,704,1365
2021-03,705,1332
2021-03,706,1339
2021-03,707,1310
2021-03,708,1282
2021-03,709,1359
2021-03,710,1289
2021-03,711,1353
2021-03,712,1264
2021-03,713,1329
2021-03,714,1347
2021-03,715,1276
2021-03,716,1251
2021-03,717,1352
2021-03,718,1356
2021-03,719,1339
2021-03,720,1287
2021-03,721,1360
2021-03,722,1319
2021-03,723,1312
2021-03,724,1304
2021-03,725,1286
2021-03,726,1287
2021-03,727,1212
2021-03,728,1318
2021-03,729,1417
2021-03,730,1310
2021-03,731,1315
2021-03,732,1289
2021-03,733,1291
2021-03,734,1270
2021-03,735,1291
2021-03,736,1364
2021-03,737,1298
2021-03,738,1338
2021-03,739,1305
2021-03,740,1389
2021-03,741,1284
2021-03,742,1324
2021-03,743,1322
2021-03,744,1291
2021-03,745,1309
2021-03,746,1199
2021-03,747,1272
2021-03,748,1255
2021-03,749,1273
2021-03,750,1302
2021-03,751,1235
2021-03,752,1292
2021-03,753,1279
2021-03,754,1237
2021-03,755,1266
2021-03,756,1286
2021-03,757,1265
2021-03,758,1325
2021-03,759,1291
2021-03,760,1283
2021-03,761,1202
2021-03,762,1221
2021-03,763,1286
2021-03,764,1278
2021-03,765,1239
2021-03,766,1256
2021-03,767,1234
2021-03,768,1236
2021-03,769,1243
2021-03,770,1266
2021-03,771,1282
2021-03,772,1236
2021-03,773,1213
2021-03,774,1210
2021-03,775,1246
2021-03,776,1208
2021-03,777,1250
2021-03,778,1264
2021-03,779,1239
2021-03,780,1276
2021-03,781,1262
2021-03,782,1261
2021-03,783,1288
2021-03,784,1196
2021-03,785,1242
2021-03,786,1128
2021-03,787,1268
2021-03,788,1251
2021-03,789,1217
2021-03,790,1244
2021-03,791,1241
2021-03,792,1214
2021-03,793,1171
2021-03,794,1222
2021-03,795,1221
2021-03,796,1240
2021-03,797,1206
2021-03,798,1317
2021-03,799,1291
2021-03,800,1240
2021-03,801,1195
2021-03,802,1264
2021-03,803,1202
2021-03,804,1218
2021-03,805,1151
2021-03,806,1251
2021-03,807,1202
2021-03,808,1198
2021-03,809,1262
2021-03,810,1213
2021-03,811,1174
2021-03,812,1166
2021-03,813,1222
2021-03,814,1211
2021-03,815,1204
2021-03,816,1241
2021-03,817,1206
2021-03,818,1241
2021-03,819,1244
2021-03,820,1251
2021-03,821,1284
2021-03,822,1241
2021-03,823,1130
2021-03,824,1175
2021-03,825,1191
2021-03,826,1185
2021-03,827,1186
2021-03,828,1226
2021-03,829,1213
2021-03,830,1186
2021-03,831,1186
2021-03,832,1238
2021-03,833,1236
2021-03,834,1195
2021-03,835,1190
2021-03,836,1151
2021-03,837,1158
2021-03,838,1198
2021-03,839,1146
2021-03,840,1142
2021-03,841,1188
2021-03,842,1181
2021-03,843,1173
2021-03,844,1152
2021-03,845,1207
2021-03,846,1185
2021-03,847,1195
2021-03,848,1185
2021-03,849,1158
2021-03,850,1207
2021-03,851,1203
2021-03,852,1168
2021-03,853,1120
2021-03,854,1142
2021-03,855,1249
2021-03,856,1155
2021-03,857,1149
2021-03,858,1150
2021-03,859,1169
2021-03,860,1144
2021-03,861,1165
2021-03,862,1150
2021-03,863,1229
2021-03,864,1189
2021-03,865,1164
2021-03,866,1173
2021-03,867,1137
2021-03,868,1189
2021-03,869,1216
2021-03,870,1173
2021-03,871,1249
2021-03,872,1242
2021-03,873,1195
2021-03,874,1182
2021-03,875,1248
2021-03,876,1114
2021-03,877,1171
2021-03,878,1179
2021-03,879,1230
2021-03,880,1223
2021-03,881,1156
2021-03,882,1177
2021-03,883,1159
2021-03,884,1288
2021-03,885,1201
2021-03,886,1166
2021-03,887,1210
2021-03,888,1260
2021-03,889,1229
2021-03,890,1229
2021-03,891,1166
2021-03,892,1197
2021-03,893,1212
2021-03,894,1183
2021-03,895,1190
2021-03,896,1221
2021-03,897,1179
2021-03,898,1255
2021-03,899,1233
2021-03,900,1227
2021-03,901,1180
2021-03,902,1208
2021-03,903,1178
2021-03,904,1278
2021-03,905,1180
2021-03,906,1206
2021-03,907,1203
2021-03,908,1296
2021-03,909,1276
2021-03,910,1173
2021-03,911,1247
2021-03,912,1211
2021-03,913,1245
2021-03,914,1297
2021-03,915,1261
2021-03,916,1272
2021-03,917,1228
2021-03,918,1156
2021-03,919,1210
2021-03,920,1284
2021-03,921,1188
2021-03,922,1274
2021-03,923,1208
2021-03,924,1274
2021-03,925,1216
2021-03,926,1240
2021-03,927,1125
2021-03,928,1283
2021-03,929,1251
2021-03,930,1223
2021-03,931,1252
2021-03,932,1302
2021-03,933,1270
2021-03,934,1288
2021-03,935,1245
2021-03,936,1280
2021-03,937,1222
2021-03,938,1244
2021-03,939,1238
2021-03,940,1267
2021-03,941,1302
2021-03,942,1245
2021-03,943,1268
2021-03,944,1266
2021-03,945,1220
2021-03,946,1291
2021-03,947,1287
2021-03,948,1258
2021-03,949,1301
2021-03,950,1298
2021-03,951,1239
2021-03,952,1285
2021-03,953,1298
2021-03,954,1251
2021-03,955,1273
2021-03,956,1354
2021-03,957,1257
2021-03,958,1304
2021-03,959,1285
2021-03,960,1283
2021-03,961,1278
2021-03,962,1248
2021-03,963,1277
2021-03,964,1276
2021-03,965,1311
2021-03,966,1359
2021-03,967,1289
2021-03,968,1300
2021-03,969,1312
2021-03,970,1330
2021-03,971,1322
2021-03,972,1313
2021-03,973,1291
2021-03,974,1240
2021-03,975,1313
2021-03,976,1240
2021-03,977,1280
2021-03,978,1282
2021-03,979,1372
2021-03,980,1398
2021-03,981,1251
2021-03,982,1349
2021-03,983,1238
2021-03,984,1351
2021-03,985,1305
2021-03,986,1354
2021-03,987,1314
2021-03,988,1305
2021-03,989,1264
2021-03,990,1254
2021-03,991,1343
2021-03,992,1363
2021-03,993,1277
2021-03,994,1283
2021-03,995,1244
2021-03,996,1264
2021-03,997,1189
2021-03,998,1183
2021-03,999,1191
2021-03,1000,1169
