year,sex,age,cases
2023,Men,0,73
2023,Woman,0,74
2022,Men,0,87
2022,Woman,0,61
2021,Men,0,76
2021,Woman,0,72
2020,Men,0,74
2020,Woman,0,56
2019,Men,0,80
2019,Woman,0,62
2018,Men,0,59
2018,Woman,0,51
2017,Men,0,68
2017,Woman,0,62
2016,Men,0,63
2016,Woman,0,60
2015,Men,0,74
2015,Woman,0,62
2014,Men,0,88
2014,Woman,0,67
2013,Men,0,77
2013,Woman,0,74
2012,Men,0,73
2012,Woman,0,54
2011,Men,0,60
2011,Woman,0,60
2010,Men,0,75
2010,Woman,0,69
2009,Men,0,64
2009,Woman,0,54
2008,Men,0,65
2008,Woman,0,51
2007,Men,0,51
2007,Woman,0,60
2006,Men,0,63
2006,Woman,0,52
2005,Men,0,56
2005,Woman,0,52
2004,Men,0,58
2004,Woman,0,77
2003,Men,0,56
2003,Woman,0,52
2002,Men,0,56
2002,Woman,0,49
2001,Men,0,57
2001,Woman,0,72
2000,Men,0,47
2000,Woman,0,46
1999,Men,0,58
1999,Woman,0,51
1998,Men,0,74
1998,Woman,0,60
1997,Men,0,80
1997,Woman,0,72
1996,Men,0,69
1996,Woman,0,73
1995,Men,0,66
1995,Woman,0,59
1994,Men,0,72
1994,Woman,0,72
1993,Men,0,90
1993,Woman,0,56
1992,Men,0,59
1992,Woman,0,71
1991,Men,0,63
1991,Woman,0,44
1990,Men,0,58
1990,Woman,0,73
1989,Men,0,52
1989,Woman,0,53
1988,Men,0,43
1988,Woman,0,60
1987,Men,0,74
1987,Woman,0,45
1986,Men,0,58
1986,Woman,0,66
1985,Men,0,58
1985,Woman,0,43
1984,Men,0,61
1984,Woman,0,55
1983,Men,0,45
1983,Woman,0,41
1982,Men,0,44
1982,Woman,0,43
1981,Men,0,42
1981,Woman,0,45
1980,Men,0,61
1980,Woman,0,54
1979,Men,0,64
1979,Woman,0,48
1978,Men,0,58
1978,Woman,0,49
1977,Men,0,60
1977,Woman,0,38
1976,Men,0,58
1976,Woman,0,39
1975,Men,0,53
1975,Woman,0,45
1974,Men,0,61
1974,Woman,0,62
1973,Men,0,64
1973,Woman,0,51
1972,Men,0,61
1972,Woman,0,56
1971,Men,0,71
1971,Woman,0,54
1970,Men,0,61
1970,Woman,0,44
2023,Men,5,56
2023,Woman,5,47
2022,Men,5,39
2022,Woman,5,38
2021,Men,5,48
2021,Woman,5,38
2020,Men,5,37
2020,Woman,5,31
2019,Men,5,49
2019,Woman,5,45
2018,Men,5,42
2018,Woman,5,49
2017,Men,5,31
2017,Woman,5,44
2016,Men,5,42
2016,Woman,5,39
2015,Men,5,34
2015,Woman,5,28
2014,Men,5,42
2014,Woman,5,26
2013,Men,5,43
2013,Woman,5,38
2012,Men,5,50
2012,Woman,5,37
2011,Men,5,35
2011,Woman,5,27
2010,Men,5,42
2010,Woman,5,37
2009,Men,5,33
2009,Woman,5,23
2008,Men,5,31
2008,Woman,5,19
2007,Men,5,38
2007,Woman,5,23
2006,Men,5,35
2006,Woman,5,29
2005,Men,5,36
2005,Woman,5,24
2004,Men,5,34
2004,Woman,5,23
2003,Men,5,46
2003,Woman,5,33
2002,Men,5,39
2002,Woman,5,30
2001,Men,5,42
2001,Woman,5,27
2000,Men,5,38
2000,Woman,5,31
1999,Men,5,41
1999,Woman,5,35
1998,Men,5,52
1998,Woman,5,35
1997,Men,5,47
1997,Woman,5,37
1996,Men,5,40
1996,Woman,5,22
1995,Men,5,45
1995,Woman,5,30
1994,Men,5,42
1994,Woman,5,28
1993,Men,5,41
1993,Woman,5,22
1992,Men,5,50
1992,Woman,5,29
1991,Men,5,35
1991,Woman,5,32
1990,Men,5,32
1990,Woman,5,23
1989,Men,5,32
1989,Woman,5,31
1988,Men,5,46
1988,Woman,5,32
1987,Men,5,30
1987,Woman,5,26
1986,Men,5,34
1986,Woman,5,26
1985,Men,5,36
1985,Woman,5,34
1984,Men,5,30
1984,Woman,5,34
1983,Men,5,32
1983,Woman,5,27
1982,Men,5,36
1982,Woman,5,28
1981,Men,5,33
1981,Woman,5,23
1980,Men,5,40
1980,Woman,5,45
1979,Men,5,34
1979,Woman,5,23
1978,Men,5,45
1978,Woman,5,27
1977,Men,5,24
1977,Woman,5,24
1976,Men,5,33
1976,Woman,5,38
1975,Men,5,37
1975,Woman,5,37
1974,Men,5,35
1974,Woman,5,25
1973,Men,5,34
1973,Woman,5,20
1972,Men,5,35
1972,Woman,5,27
1971,Men,5,24
1971,Woman,5,21
1970,Men,5,38
1970,Woman,5,30
2023,Men,10,53
2023,Woman,10,62
2022,Men,10,39
2022,Woman,10,43
2021,Men,10,44
2021,Woman,10,48
2020,Men,10,45
2020,Woman,10,47
2019,Men,10,36
2019,Woman,10,43
2018,Men,10,54
2018,Woman,10,54
2017,Men,10,50
2017,Woman,10,50
2016,Men,10,39
2016,Woman,10,31
2015,Men,10,46
2015,Woman,10,39
2014,Men,10,36
2014,Woman,10,43
2013,Men,10,51
2013,Woman,10,30
2012,Men,10,32
2012,Woman,10,34
2011,Men,10,50
2011,Woman,10,40
2010,Men,10,38
2010,Woman,10,29
2009,Men,10,40
2009,Woman,10,37
2008,Men,10,38
2008,Woman,10,34
2007,Men,10,34
2007,Woman,10,41
2006,Men,10,40
2006,Woman,10,32
2005,Men,10,46
2005,Woman,10,45
2004,Men,10,38
2004,Woman,10,31
2003,Men,10,50
2003,Woman,10,39
2002,Men,10,43
2002,Woman,10,46
2001,Men,10,51
2001,Woman,10,38
2000,Men,10,47
2000,Woman,10,37
1999,Men,10,40
1999,Woman,10,35
1998,Men,10,41
1998,Woman,10,43
1997,Men,10,41
1997,Woman,10,29
1996,Men,10,47
1996,Woman,10,40
1995,Men,10,46
1995,Woman,10,33
1994,Men,10,31
1994,Woman,10,23
1993,Men,10,37
1993,Woman,10,26
1992,Men,10,32
1992,Woman,10,39
1991,Men,10,35
1991,Woman,10,32
1990,Men,10,32
1990,Woman,10,35
1989,Men,10,31
1989,Woman,10,36
1988,Men,10,37
1988,Woman,10,41
1987,Men,10,29
1987,Woman,10,38
1986,Men,10,44
1986,Woman,10,39
1985,Men,10,44
1985,Woman,10,32
1984,Men,10,36
1984,Woman,10,40
1983,Men,10,33
1983,Woman,10,33
1982,Men,10,31
1982,Woman,10,28
1981,Men,10,29
1981,Woman,10,32
1980,Men,10,37
1980,Woman,10,37
1979,Men,10,36
1979,Woman,10,27
1978,Men,10,35
1978,Woman,10,35
1977,Men,10,36
1977,Woman,10,34
1976,Men,10,38
1976,Woman,10,26
1975,Men,10,33
1975,Woman,10,22
1974,Men,10,37
1974,Woman,10,28
1973,Men,10,32
1973,Woman,10,22
1972,Men,10,31
1972,Woman,10,35
1971,Men,10,40
1971,Woman,10,22
1970,Men,10,36
1970,Woman,10,19
2023,Men,15,72
2023,Woman,15,61
2022,Men,15,89
2022,Woman,15,82
2021,Men,15,78
2021,Woman,15,63
2020,Men,15,71
2020,Woman,15,85
2019,Men,15,86
2019,Woman,15,79
2018,Men,15,63
2018,Woman,15,65
2017,Men,15,69
2017,Woman,15,68
2016,Men,15,62
2016,Woman,15,64
2015,Men,15,74
2015,Woman,15,70
2014,Men,15,76
2014,Woman,15,65
2013,Men,15,84
2013,Woman,15,67
2012,Men,15,84
2012,Woman,15,67
2011,Men,15,81
2011,Woman,15,69
2010,Men,15,102
2010,Woman,15,90
2009,Men,15,92
2009,Woman,15,69
2008,Men,15,74
2008,Woman,15,71
2007,Men,15,65
2007,Woman,15,66
2006,Men,15,59
2006,Woman,15,56
2005,Men,15,48
2005,Woman,15,71
2004,Men,15,53
2004,Woman,15,66
2003,Men,15,61
2003,Woman,15,63
2002,Men,15,66
2002,Woman,15,74
2001,Men,15,53
2001,Woman,15,59
2000,Men,15,57
2000,Woman,15,59
1999,Men,15,55
1999,Woman,15,43
1998,Men,15,48
1998,Woman,15,48
1997,Men,15,68
1997,Woman,15,50
1996,Men,15,64
1996,Woman,15,60
1995,Men,15,52
1995,Woman,15,76
1994,Men,15,61
1994,Woman,15,54
1993,Men,15,62
1993,Woman,15,71
1992,Men,15,65
1992,Woman,15,69
1991,Men,15,68
1991,Woman,15,43
1990,Men,15,64
1990,Woman,15,51
1989,Men,15,66
1989,Woman,15,50
1988,Men,15,62
1988,Woman,15,47
1987,Men,15,62
1987,Woman,15,58
1986,Men,15,61
1986,Woman,15,51
1985,Men,15,59
1985,Woman,15,44
1984,Men,15,61
1984,Woman,15,56
1983,Men,15,56
1983,Woman,15,56
1982,Men,15,51
1982,Woman,15,39
1981,Men,15,45
1981,Woman,15,45
1980,Men,15,55
1980,Woman,15,39
1979,Men,15,56
1979,Woman,15,43
1978,Men,15,39
1978,Woman,15,49
1977,Men,15,45
1977,Woman,15,41
1976,Men,15,50
1976,Woman,15,41
1975,Men,15,48
1975,Woman,15,44
1974,Men,15,52
1974,Woman,15,40
1973,Men,15,63
1973,Woman,15,33
1972,Men,15,60
1972,Woman,15,44
1971,Men,15,59
1971,Woman,15,34
1970,Men,15,47
1970,Woman,15,37
2023,Men,20,76
2023,Woman,20,113
2022,Men,20,109
2022,Woman,20,116
2021,Men,20,114
2021,Woman,20,101
2020,Men,20,116
2020,Woman,20,103
2019,Men,20,111
2019,Woman,20,129
2018,Men,20,118
2018,Woman,20,140
2017,Men,20,126
2017,Woman,20,161
2016,Men,20,119
2016,Woman,20,118
2015,Men,20,149
2015,Woman,20,153
2014,Men,20,159
2014,Woman,20,142
2013,Men,20,141
2013,Woman,20,139
2012,Men,20,115
2012,Woman,20,144
2011,Men,20,111
2011,Woman,20,118
2010,Men,20,119
2010,Woman,20,118
2009,Men,20,123
2009,Woman,20,115
2008,Men,20,100
2008,Woman,20,109
2007,Men,20,97
2007,Woman,20,95
2006,Men,20,115
2006,Woman,20,91
2005,Men,20,96
2005,Woman,20,89
2004,Men,20,94
2004,Woman,20,109
2003,Men,20,73
2003,Woman,20,93
2002,Men,20,88
2002,Woman,20,73
2001,Men,20,95
2001,Woman,20,100
2000,Men,20,95
2000,Woman,20,94
1999,Men,20,97
1999,Woman,20,69
1998,Men,20,104
1998,Woman,20,88
1997,Men,20,105
1997,Woman,20,106
1996,Men,20,84
1996,Woman,20,92
1995,Men,20,108
1995,Woman,20,97
1994,Men,20,92
1994,Woman,20,112
1993,Men,20,100
1993,Woman,20,90
1992,Men,20,105
1992,Woman,20,97
1991,Men,20,98
1991,Woman,20,101
1990,Men,20,83
1990,Woman,20,92
1989,Men,20,100
1989,Woman,20,97
1988,Men,20,97
1988,Woman,20,86
1987,Men,20,76
1987,Woman,20,97
1986,Men,20,99
1986,Woman,20,88
1985,Men,20,77
1985,Woman,20,81
1984,Men,20,80
1984,Woman,20,75
1983,Men,20,77
1983,Woman,20,76
1982,Men,20,57
1982,Woman,20,82
1981,Men,20,71
1981,Woman,20,79
1980,Men,20,89
1980,Woman,20,75
1979,Men,20,59
1979,Woman,20,61
1978,Men,20,66
1978,Woman,20,74
1977,Men,20,80
1977,Woman,20,93
1976,Men,20,71
1976,Woman,20,65
1975,Men,20,64
1975,Woman,20,62
1974,Men,20,66
1974,Woman,20,70
1973,Men,20,71
1973,Woman,20,84
1972,Men,20,70
1972,Woman,20,90
1971,Men,20,78
1971,Woman,20,75
1970,Men,20,83
1970,Woman,20,99
2023,Men,25,172
2023,Woman,25,216
2022,Men,25,189
2022,Woman,25,214
2021,Men,25,200
2021,Woman,25,262
2020,Men,25,229
2020,Woman,25,245
2019,Men,25,199
2019,Woman,25,296
2018,Men,25,199
2018,Woman,25,260
2017,Men,25,185
2017,Woman,25,291
2016,Men,25,187
2016,Woman,25,262
2015,Men,25,171
2015,Woman,25,266
2014,Men,25,202
2014,Woman,25,276
2013,Men,25,185
2013,Woman,25,251
2012,Men,25,168
2012,Woman,25,234
2011,Men,25,148
2011,Woman,25,206
2010,Men,25,152
2010,Woman,25,191
2009,Men,25,139
2009,Woman,25,186
2008,Men,25,163
2008,Woman,25,177
2007,Men,25,151
2007,Woman,25,185
2006,Men,25,161
2006,Woman,25,181
2005,Men,25,149
2005,Woman,25,133
2004,Men,25,154
2004,Woman,25,168
2003,Men,25,159
2003,Woman,25,169
2002,Men,25,152
2002,Woman,25,176
2001,Men,25,131
2001,Woman,25,187
2000,Men,25,122
2000,Woman,25,166
1999,Men,25,147
1999,Woman,25,155
1998,Men,25,126
1998,Woman,25,137
1997,Men,25,134
1997,Woman,25,150
1996,Men,25,125
1996,Woman,25,179
1995,Men,25,149
1995,Woman,25,166
1994,Men,25,153
1994,Woman,25,166
1993,Men,25,157
1993,Woman,25,147
1992,Men,25,152
1992,Woman,25,185
1991,Men,25,146
1991,Woman,25,129
1990,Men,25,141
1990,Woman,25,161
1989,Men,25,125
1989,Woman,25,153
1988,Men,25,123
1988,Woman,25,116
1987,Men,25,110
1987,Woman,25,144
1986,Men,25,135
1986,Woman,25,136
1985,Men,25,124
1985,Woman,25,143
1984,Men,25,106
1984,Woman,25,148
1983,Men,25,115
1983,Woman,25,153
1982,Men,25,90
1982,Woman,25,130
1981,Men,25,107
1981,Woman,25,135
1980,Men,25,88
1980,Woman,25,135
1979,Men,25,88
1979,Woman,25,147
1978,Men,25,99
1978,Woman,25,139
1977,Men,25,118
1977,Woman,25,143
1976,Men,25,121
1976,Woman,25,170
1975,Men,25,116
1975,Woman,25,165
1974,Men,25,117
1974,Woman,25,158
1973,Men,25,126
1973,Woman,25,176
1972,Men,25,125
1972,Woman,25,147
1971,Men,25,115
1971,Woman,25,151
1970,Men,25,115
1970,Woman,25,146
2023,Men,30,262
2023,Woman,30,463
2022,Men,30,258
2022,Woman,30,490
2021,Men,30,282
2021,Woman,30,465
2020,Men,30,274
2020,Woman,30,436
2019,Men,30,274
2019,Woman,30,402
2018,Men,30,227
2018,Woman,30,473
2017,Men,30,259
2017,Woman,30,490
2016,Men,30,234
2016,Woman,30,409
2015,Men,30,251
2015,Woman,30,387
2014,Men,30,243
2014,Woman,30,426
2013,Men,30,214
2013,Woman,30,388
2012,Men,30,198
2012,Woman,30,355
2011,Men,30,245
2011,Woman,30,357
2010,Men,30,206
2010,Woman,30,318
2009,Men,30,206
2009,Woman,30,317
2008,Men,30,219
2008,Woman,30,370
2007,Men,30,194
2007,Woman,30,300
2006,Men,30,181
2006,Woman,30,332
2005,Men,30,172
2005,Woman,30,301
2004,Men,30,215
2004,Woman,30,328
2003,Men,30,190
2003,Woman,30,302
2002,Men,30,172
2002,Woman,30,288
2001,Men,30,198
2001,Woman,30,315
2000,Men,30,194
2000,Woman,30,278
1999,Men,30,190
1999,Woman,30,280
1998,Men,30,181
1998,Woman,30,275
1997,Men,30,192
1997,Woman,30,284
1996,Men,30,185
1996,Woman,30,269
1995,Men,30,155
1995,Woman,30,231
1994,Men,30,183
1994,Woman,30,271
1993,Men,30,161
1993,Woman,30,236
1992,Men,30,164
1992,Woman,30,246
1991,Men,30,149
1991,Woman,30,268
1990,Men,30,145
1990,Woman,30,248
1989,Men,30,165
1989,Woman,30,239
1988,Men,30,177
1988,Woman,30,253
1987,Men,30,156
1987,Woman,30,236
1986,Men,30,146
1986,Woman,30,216
1985,Men,30,141
1985,Woman,30,249
1984,Men,30,132
1984,Woman,30,271
1983,Men,30,158
1983,Woman,30,274
1982,Men,30,146
1982,Woman,30,269
1981,Men,30,156
1981,Woman,30,260
1980,Men,30,139
1980,Woman,30,288
1979,Men,30,155
1979,Woman,30,300
1978,Men,30,158
1978,Woman,30,257
1977,Men,30,165
1977,Woman,30,261
1976,Men,30,126
1976,Woman,30,245
1975,Men,30,122
1975,Woman,30,228
1974,Men,30,138
1974,Woman,30,207
1973,Men,30,140
1973,Woman,30,186
1972,Men,30,129
1972,Woman,30,204
1971,Men,30,116
1971,Woman,30,182
1970,Men,30,107
1970,Woman,30,196
2023,Men,35,330
2023,Woman,35,713
2022,Men,35,329
2022,Woman,35,697
2021,Men,35,323
2021,Woman,35,714
2020,Men,35,335
2020,Woman,35,601
2019,Men,35,333
2019,Woman,35,735
2018,Men,35,304
2018,Woman,35,756
2017,Men,35,315
2017,Woman,35,712
2016,Men,35,310
2016,Woman,35,689
2015,Men,35,316
2015,Woman,35,715
2014,Men,35,328
2014,Woman,35,677
2013,Men,35,318
2013,Woman,35,578
2012,Men,35,330
2012,Woman,35,588
2011,Men,35,331
2011,Woman,35,610
2010,Men,35,268
2010,Woman,35,542
2009,Men,35,295
2009,Woman,35,480
2008,Men,35,280
2008,Woman,35,533
2007,Men,35,281
2007,Woman,35,474
2006,Men,35,271
2006,Woman,35,461
2005,Men,35,245
2005,Woman,35,479
2004,Men,35,280
2004,Woman,35,522
2003,Men,35,239
2003,Woman,35,494
2002,Men,35,253
2002,Woman,35,439
2001,Men,35,251
2001,Woman,35,484
2000,Men,35,223
2000,Woman,35,417
1999,Men,35,215
1999,Woman,35,400
1998,Men,35,211
1998,Woman,35,404
1997,Men,35,238
1997,Woman,35,395
1996,Men,35,220
1996,Woman,35,420
1995,Men,35,230
1995,Woman,35,437
1994,Men,35,213
1994,Woman,35,423
1993,Men,35,222
1993,Woman,35,391
1992,Men,35,227
1992,Woman,35,399
1991,Men,35,226
1991,Woman,35,421
1990,Men,35,239
1990,Woman,35,419
1989,Men,35,243
1989,Woman,35,390
1988,Men,35,213
1988,Woman,35,422
1987,Men,35,232
1987,Woman,35,414
1986,Men,35,215
1986,Woman,35,486
1985,Men,35,259
1985,Woman,35,478
1984,Men,35,226
1984,Woman,35,424
1983,Men,35,221
1983,Woman,35,442
1982,Men,35,259
1982,Woman,35,458
1981,Men,35,229
1981,Woman,35,457
1980,Men,35,216
1980,Woman,35,398
1979,Men,35,182
1979,Woman,35,384
1978,Men,35,150
1978,Woman,35,339
1977,Men,35,182
1977,Woman,35,330
1976,Men,35,202
1976,Woman,35,317
1975,Men,35,156
1975,Woman,35,271
1974,Men,35,160
1974,Woman,35,309
1973,Men,35,177
1973,Woman,35,292
1972,Men,35,139
1972,Woman,35,267
1971,Men,35,146
1971,Woman,35,286
1970,Men,35,148
1970,Woman,35,312
2023,Men,40,409
2023,Woman,40,1172
2022,Men,40,441
2022,Woman,40,1126
2021,Men,40,459
2021,Woman,40,1160
2020,Men,40,448
2020,Woman,40,1101
2019,Men,40,438
2019,Woman,40,1164
2018,Men,40,436
2018,Woman,40,991
2017,Men,40,465
2017,Woman,40,1141
2016,Men,40,444
2016,Woman,40,1115
2015,Men,40,481
2015,Woman,40,1084
2014,Men,40,453
2014,Woman,40,1087
2013,Men,40,492
2013,Woman,40,1088
2012,Men,40,445
2012,Woman,40,893
2011,Men,40,404
2011,Woman,40,938
2010,Men,40,407
2010,Woman,40,928
2009,Men,40,458
2009,Woman,40,929
2008,Men,40,368
2008,Woman,40,909
2007,Men,40,362
2007,Woman,40,874
2006,Men,40,348
2006,Woman,40,845
2005,Men,40,331
2005,Woman,40,721
2004,Men,40,355
2004,Woman,40,765
2003,Men,40,328
2003,Woman,40,702
2002,Men,40,357
2002,Woman,40,677
2001,Men,40,309
2001,Woman,40,666
2000,Men,40,334
2000,Woman,40,685
1999,Men,40,353
1999,Woman,40,696
1998,Men,40,317
1998,Woman,40,744
1997,Men,40,307
1997,Woman,40,709
1996,Men,40,309
1996,Woman,40,716
1995,Men,40,350
1995,Woman,40,721
1994,Men,40,351
1994,Woman,40,715
1993,Men,40,313
1993,Woman,40,706
1992,Men,40,339
1992,Woman,40,757
1991,Men,40,354
1991,Woman,40,739
1990,Men,40,380
1990,Woman,40,784
1989,Men,40,415
1989,Woman,40,762
1988,Men,40,369
1988,Woman,40,805
1987,Men,40,346
1987,Woman,40,790
1986,Men,40,361
1986,Woman,40,742
1985,Men,40,331
1985,Woman,40,683
1984,Men,40,329
1984,Woman,40,631
1983,Men,40,292
1983,Woman,40,615
1982,Men,40,297
1982,Woman,40,535
1981,Men,40,259
1981,Woman,40,569
1980,Men,40,255
1980,Woman,40,525
1979,Men,40,239
1979,Woman,40,490
1978,Men,40,237
1978,Woman,40,515
1977,Men,40,227
1977,Woman,40,542
1976,Men,40,224
1976,Woman,40,518
1975,Men,40,235
1975,Woman,40,454
1974,Men,40,246
1974,Woman,40,478
1973,Men,40,228
1973,Woman,40,515
1972,Men,40,236
1972,Woman,40,562
1971,Men,40,263
1971,Woman,40,552
1970,Men,40,254
1970,Woman,40,601
2023,Men,45,740
2023,Woman,45,1778
2022,Men,45,726
2022,Woman,45,1789
2021,Men,45,721
2021,Woman,45,1805
2020,Men,45,740
2020,Woman,45,1797
2019,Men,45,802
2019,Woman,45,1772
2018,Men,45,724
2018,Woman,45,1802
2017,Men,45,792
2017,Woman,45,1635
2016,Men,45,796
2016,Woman,45,1575
2015,Men,45,759
2015,Woman,45,1608
2014,Men,45,725
2014,Woman,45,1701
2013,Men,45,762
2013,Woman,45,1729
2012,Men,45,691
2012,Woman,45,1548
2011,Men,45,692
2011,Woman,45,1471
2010,Men,45,672
2010,Woman,45,1347
2009,Men,45,598
2009,Woman,45,1315
2008,Men,45,614
2008,Woman,45,1229
2007,Men,45,513
2007,Woman,45,1232
2006,Men,45,612
2006,Woman,45,1160
2005,Men,45,558
2005,Woman,45,1191
2004,Men,45,545
2004,Woman,45,1172
2003,Men,45,510
2003,Woman,45,1256
2002,Men,45,539
2002,Woman,45,1156
2001,Men,45,534
2001,Woman,45,1138
2000,Men,45,538
2000,Woman,45,1111
1999,Men,45,549
1999,Woman,45,1180
1998,Men,45,571
1998,Woman,45,1167
1997,Men,45,530
1997,Woman,45,1242
1996,Men,45,566
1996,Woman,45,1249
1995,Men,45,547
1995,Woman,45,1325
1994,Men,45,702
1994,Woman,45,1357
1993,Men,45,642
1993,Woman,45,1250
1992,Men,45,610
1992,Woman,45,1205
1991,Men,45,628
1991,Woman,45,1219
1990,Men,45,552
1990,Woman,45,1153
1989,Men,45,516
1989,Woman,45,1048
1988,Men,45,469
1988,Woman,45,987
1987,Men,45,455
1987,Woman,45,960
1986,Men,45,449
1986,Woman,45,889
1985,Men,45,456
1985,Woman,45,867
1984,Men,45,473
1984,Woman,45,820
1983,Men,45,426
1983,Woman,45,754
1982,Men,45,381
1982,Woman,45,814
1981,Men,45,420
1981,Woman,45,790
1980,Men,45,421
1980,Woman,45,804
1979,Men,45,359
1979,Woman,45,825
1978,Men,45,384
1978,Woman,45,788
1977,Men,45,385
1977,Woman,45,832
1976,Men,45,403
1976,Woman,45,889
1975,Men,45,423
1975,Woman,45,852
1974,Men,45,412
1974,Woman,45,896
1973,Men,45,434
1973,Woman,45,925
1972,Men,45,404
1972,Woman,45,959
1971,Men,45,439
1971,Woman,45,949
1970,Men,45,419
1970,Woman,45,974
2023,Men,50,1496
2023,Woman,50,2263
2022,Men,50,1408
2022,Woman,50,2123
2021,Men,50,1521
2021,Woman,50,2381
2020,Men,50,1370
2020,Woman,50,2218
2019,Men,50,1450
2019,Woman,50,2220
2018,Men,50,1471
2018,Woman,50,2121
2017,Men,50,1370
2017,Woman,50,2158
2016,Men,50,1383
2016,Woman,50,2046
2015,Men,50,1329
2015,Woman,50,1999
2014,Men,50,1394
2014,Woman,50,1821
2013,Men,50,1314
2013,Woman,50,1802
2012,Men,50,1243
2012,Woman,50,1830
2011,Men,50,1241
2011,Woman,50,1786
2010,Men,50,1176
2010,Woman,50,1632
2009,Men,50,1223
2009,Woman,50,1634
2008,Men,50,1117
2008,Woman,50,1636
2007,Men,50,1125
2007,Woman,50,1665
2006,Men,50,1117
2006,Woman,50,1579
2005,Men,50,1111
2005,Woman,50,1583
2004,Men,50,1138
2004,Woman,50,1675
2003,Men,50,1148
2003,Woman,50,1672
2002,Men,50,1120
2002,Woman,50,1869
2001,Men,50,1069
2001,Woman,50,1753
2000,Men,50,1123
2000,Woman,50,1873
1999,Men,50,1094
1999,Woman,50,1911
1998,Men,50,1175
1998,Woman,50,1920
1997,Men,50,1053
1997,Woman,50,1762
1996,Men,50,1086
1996,Woman,50,1784
1995,Men,50,986
1995,Woman,50,1624
1994,Men,50,908
1994,Woman,50,1591
1993,Men,50,865
1993,Woman,50,1389
1992,Men,50,793
1992,Woman,50,1342
1991,Men,50,761
1991,Woman,50,1252
1990,Men,50,687
1990,Woman,50,1311
1989,Men,50,755
1989,Woman,50,1126
1988,Men,50,675
1988,Woman,50,1059
1987,Men,50,684
1987,Woman,50,1027
1986,Men,50,694
1986,Woman,50,1030
1985,Men,50,668
1985,Woman,50,1074
1984,Men,50,722
1984,Woman,50,1064
1983,Men,50,645
1983,Woman,50,1115
1982,Men,50,682
1982,Woman,50,1117
1981,Men,50,696
1981,Woman,50,1112
1980,Men,50,701
1980,Woman,50,1152
1979,Men,50,688
1979,Woman,50,1150
1978,Men,50,714
1978,Woman,50,1173
1977,Men,50,738
1977,Woman,50,1205
1976,Men,50,777
1976,Woman,50,1203
1975,Men,50,771
1975,Woman,50,1245
1974,Men,50,809
1974,Woman,50,1310
1973,Men,50,853
1973,Woman,50,1275
1972,Men,50,750
1972,Woman,50,1263
1971,Men,50,751
1971,Woman,50,1256
1970,Men,50,726
1970,Woman,50,1197
2023,Men,55,2600
2023,Woman,55,2817
2022,Men,55,2773
2022,Woman,55,2869
2021,Men,55,2452
2021,Woman,55,2933
2020,Men,55,2309
2020,Woman,55,2410
2019,Men,55,2353
2019,Woman,55,2627
2018,Men,55,2284
2018,Woman,55,2326
2017,Men,55,2333
2017,Woman,55,2437
2016,Men,55,2268
2016,Woman,55,2257
2015,Men,55,2326
2015,Woman,55,2347
2014,Men,55,2313
2014,Woman,55,2425
2013,Men,55,2210
2013,Woman,55,2241
2012,Men,55,2147
2012,Woman,55,2238
2011,Men,55,2209
2011,Woman,55,2269
2010,Men,55,2217
2010,Woman,55,2268
2009,Men,55,2302
2009,Woman,55,2138
2008,Men,55,2194
2008,Woman,55,2191
2007,Men,55,2210
2007,Woman,55,2281
2006,Men,55,2376
2006,Woman,55,2414
2005,Men,55,2407
2005,Woman,55,2461
2004,Men,55,2509
2004,Woman,55,2610
2003,Men,55,2330
2003,Woman,55,2634
2002,Men,55,2167
2002,Woman,55,2538
2001,Men,55,2028
2001,Woman,55,2433
2000,Men,55,1872
2000,Woman,55,2244
1999,Men,55,1715
1999,Woman,55,2168
1998,Men,55,1540
1998,Woman,55,2039
1997,Men,55,1368
1997,Woman,55,1834
1996,Men,55,1275
1996,Woman,55,1669
1995,Men,55,1258
1995,Woman,55,1717
1994,Men,55,1291
1994,Woman,55,1616
1993,Men,55,1186
1993,Woman,55,1487
1992,Men,55,1145
1992,Woman,55,1506
1991,Men,55,1193
1991,Woman,55,1472
1990,Men,55,1149
1990,Woman,55,1458
1989,Men,55,1135
1989,Woman,55,1515
1988,Men,55,1215
1988,Woman,55,1454
1987,Men,55,1249
1987,Woman,55,1497
1986,Men,55,1169
1986,Woman,55,1420
1985,Men,55,1259
1985,Woman,55,1369
1984,Men,55,1288
1984,Woman,55,1438
1983,Men,55,1269
1983,Woman,55,1549
1982,Men,55,1269
1982,Woman,55,1466
1981,Men,55,1252
1981,Woman,55,1592
1980,Men,55,1328
1980,Woman,55,1564
1979,Men,55,1368
1979,Woman,55,1711
1978,Men,55,1321
1978,Woman,55,1588
1977,Men,55,1301
1977,Woman,55,1668
1976,Men,55,1312
1976,Woman,55,1492
1975,Men,55,1298
1975,Woman,55,1509
1974,Men,55,1171
1974,Woman,55,1399
1973,Men,55,1201
1973,Woman,55,1368
1972,Men,55,1227
1972,Woman,55,1392
1971,Men,55,1147
1971,Woman,55,1449
1970,Men,55,1139
1970,Woman,55,1386
2023,Men,60,3811
2023,Woman,60,3435
2022,Men,60,3962
2022,Woman,60,3355
2021,Men,60,3667
2021,Woman,60,3316
2020,Men,60,3616
2020,Woman,60,3050
2019,Men,60,3842
2019,Woman,60,3253
2018,Men,60,3844
2018,Woman,60,3118
2017,Men,60,3775
2017,Woman,60,3280
2016,Men,60,3818
2016,Woman,60,3228
2015,Men,60,3818
2015,Woman,60,3246
2014,Men,60,4131
2014,Woman,60,3272
2013,Men,60,3902
2013,Woman,60,3293
2012,Men,60,3820
2012,Woman,60,3358
2011,Men,60,4032
2011,Woman,60,3274
2010,Men,60,4155
2010,Woman,60,3509
2009,Men,60,4433
2009,Woman,60,3373
2008,Men,60,4115
2008,Woman,60,3350
2007,Men,60,3980
2007,Woman,60,3323
2006,Men,60,3998
2006,Woman,60,3229
2005,Men,60,3860
2005,Woman,60,2978
2004,Men,60,3579
2004,Woman,60,2763
2003,Men,60,3192
2003,Woman,60,2623
2002,Men,60,2801
2002,Woman,60,2434
2001,Men,60,2592
2001,Woman,60,2361
2000,Men,60,2462
2000,Woman,60,2236
1999,Men,60,2347
1999,Woman,60,2100
1998,Men,60,2037
1998,Woman,60,2102
1997,Men,60,1987
1997,Woman,60,2014
1996,Men,60,1933
1996,Woman,60,1912
1995,Men,60,1914
1995,Woman,60,1940
1994,Men,60,1910
1994,Woman,60,2000
1993,Men,60,1887
1993,Woman,60,1988
1992,Men,60,1935
1992,Woman,60,1983
1991,Men,60,2001
1991,Woman,60,2025
1990,Men,60,1886
1990,Woman,60,2101
1989,Men,60,2047
1989,Woman,60,1958
1988,Men,60,2055
1988,Woman,60,2046
1987,Men,60,2024
1987,Woman,60,2146
1986,Men,60,2053
1986,Woman,60,2032
1985,Men,60,2246
1985,Woman,60,2033
1984,Men,60,2210
1984,Woman,60,2136
1983,Men,60,2131
1983,Woman,60,2085
1982,Men,60,2193
1982,Woman,60,2030
1981,Men,60,2025
1981,Woman,60,1892
1980,Men,60,2018
1980,Woman,60,1914
1979,Men,60,1857
1979,Woman,60,1887
1978,Men,60,1911
1978,Woman,60,1867
1977,Men,60,1804
1977,Woman,60,1819
1976,Men,60,2018
1976,Woman,60,1766
1975,Men,60,1888
1975,Woman,60,1872
1974,Men,60,2000
1974,Woman,60,1791
1973,Men,60,1964
1973,Woman,60,1871
1972,Men,60,1859
1972,Woman,60,1820
1971,Men,60,1833
1971,Woman,60,1695
1970,Men,60,1763
1970,Woman,60,1709
2023,Men,65,5403
2023,Woman,65,4282
2022,Men,65,5574
2022,Woman,65,4347
2021,Men,65,5203
2021,Woman,65,4469
2020,Men,65,5091
2020,Woman,65,4016
2019,Men,65,5726
2019,Woman,65,4303
2018,Men,65,5642
2018,Woman,65,4361
2017,Men,65,5790
2017,Woman,65,4563
2016,Men,65,6009
2016,Woman,65,4443
2015,Men,65,6143
2015,Woman,65,4539
2014,Men,65,6625
2014,Woman,65,4851
2013,Men,65,6289
2013,Woman,65,4735
2012,Men,65,5758
2012,Woman,65,4461
2011,Men,65,5810
2011,Woman,65,4343
2010,Men,65,5387
2010,Woman,65,3806
2009,Men,65,5259
2009,Woman,65,3652
2008,Men,65,4367
2008,Woman,65,3409
2007,Men,65,4296
2007,Woman,65,3041
2006,Men,65,4140
2006,Woman,65,2840
2005,Men,65,4181
2005,Woman,65,2847
2004,Men,65,4001
2004,Woman,65,2679
2003,Men,65,3672
2003,Woman,65,2627
2002,Men,65,3382
2002,Woman,65,2580
2001,Men,65,3291
2001,Woman,65,2444
2000,Men,65,3164
2000,Woman,65,2460
1999,Men,65,3180
1999,Woman,65,2342
1998,Men,65,3138
1998,Woman,65,2467
1997,Men,65,2973
1997,Woman,65,2457
1996,Men,65,2960
1996,Woman,65,2480
1995,Men,65,2861
1995,Woman,65,2459
1994,Men,65,2962
1994,Woman,65,2563
1993,Men,65,3057
1993,Woman,65,2579
1992,Men,65,2955
1992,Woman,65,2580
1991,Men,65,3072
1991,Woman,65,2743
1990,Men,65,3075
1990,Woman,65,2851
1989,Men,65,3209
1989,Woman,65,2788
1988,Men,65,3230
1988,Woman,65,2727
1987,Men,65,3183
1987,Woman,65,2652
1986,Men,65,3052
1986,Woman,65,2575
1985,Men,65,2986
1985,Woman,65,2366
1984,Men,65,2884
1984,Woman,65,2358
1983,Men,65,2806
1983,Woman,65,2351
1982,Men,65,2750
1982,Woman,65,2308
1981,Men,65,2793
1981,Woman,65,2164
1980,Men,65,2820
1980,Woman,65,2217
1979,Men,65,2701
1979,Woman,65,2301
1978,Men,65,2754
1978,Woman,65,2345
1977,Men,65,2739
1977,Woman,65,2186
1976,Men,65,2763
1976,Woman,65,2190
1975,Men,65,2563
1975,Woman,65,2049
1974,Men,65,2506
1974,Woman,65,2068
1973,Men,65,2521
1973,Woman,65,2043
1972,Men,65,2461
1972,Woman,65,1974
1971,Men,65,2362
1971,Woman,65,1902
1970,Men,65,2275
1970,Woman,65,1771
2023,Men,70,6931
2023,Woman,70,5407
2022,Men,70,7256
2022,Woman,70,5584
2021,Men,70,7168
2021,Woman,70,5924
2020,Men,70,6862
2020,Woman,70,5750
2019,Men,70,7485
2019,Woman,70,6109
2018,Men,70,7555
2018,Woman,70,6085
2017,Men,70,7286
2017,Woman,70,5747
2016,Men,70,7150
2016,Woman,70,5328
2015,Men,70,6686
2015,Woman,70,4921
2014,Men,70,6192
2014,Woman,70,4729
2013,Men,70,5476
2013,Woman,70,4080
2012,Men,70,5075
2012,Woman,70,3842
2011,Men,70,5072
2011,Woman,70,3723
2010,Men,70,4876
2010,Woman,70,3525
2009,Men,70,4800
2009,Woman,70,3374
2008,Men,70,4302
2008,Woman,70,3122
2007,Men,70,4141
2007,Woman,70,2963
2006,Men,70,4184
2006,Woman,70,2887
2005,Men,70,4213
2005,Woman,70,2824
2004,Men,70,4383
2004,Woman,70,2804
2003,Men,70,4114
2003,Woman,70,2856
2002,Men,70,3963
2002,Woman,70,2865
2001,Men,70,3901
2001,Woman,70,2848
2000,Men,70,3891
2000,Woman,70,2874
1999,Men,70,4114
1999,Woman,70,2833
1998,Men,70,3936
1998,Woman,70,2788
1997,Men,70,3936
1997,Woman,70,2817
1996,Men,70,3988
1996,Woman,70,2988
1995,Men,70,4049
1995,Woman,70,3138
1994,Men,70,4295
1994,Woman,70,3070
1993,Men,70,4316
1993,Woman,70,3118
1992,Men,70,4102
1992,Woman,70,2974
1991,Men,70,4070
1991,Woman,70,2917
1990,Men,70,3809
1990,Woman,70,2917
1989,Men,70,3781
1989,Woman,70,2721
1988,Men,70,3783
1988,Woman,70,2820
1987,Men,70,3733
1987,Woman,70,2926
1986,Men,70,3624
1986,Woman,70,2591
1985,Men,70,3599
1985,Woman,70,2669
1984,Men,70,3666
1984,Woman,70,2670
1983,Men,70,3689
1983,Woman,70,2575
1982,Men,70,3489
1982,Woman,70,2679
1981,Men,70,3427
1981,Woman,70,2584
1980,Men,70,3431
1980,Woman,70,2519
1979,Men,70,3246
1979,Woman,70,2560
1978,Men,70,3077
1978,Woman,70,2352
1977,Men,70,2994
1977,Woman,70,2284
1976,Men,70,3101
1976,Woman,70,2204
1975,Men,70,3056
1975,Woman,70,2175
1974,Men,70,2902
1974,Woman,70,2128
1973,Men,70,2833
1973,Woman,70,2179
1972,Men,70,2758
1972,Woman,70,2114
1971,Men,70,2575
1971,Woman,70,1993
1970,Men,70,2444
1970,Woman,70,1963
2023,Men,75,8665
2023,Woman,75,6236
2022,Men,75,8898
2022,Woman,75,6347
2021,Men,75,8372
2021,Woman,75,5945
2020,Men,75,6937
2020,Woman,75,5158
2019,Men,75,7183
2019,Woman,75,5140
2018,Men,75,6608
2018,Woman,75,4535
2017,Men,75,5866
2017,Woman,75,4132
2016,Men,75,5584
2016,Woman,75,3961
2015,Men,75,5327
2015,Woman,75,3865
2014,Men,75,4991
2014,Woman,75,3603
2013,Men,75,4581
2013,Woman,75,3520
2012,Men,75,4218
2012,Woman,75,3268
2011,Men,75,4302
2011,Woman,75,3252
2010,Men,75,4280
2010,Woman,75,3064
2009,Men,75,4310
2009,Woman,75,3174
2008,Men,75,4045
2008,Woman,75,3074
2007,Men,75,4007
2007,Woman,75,3110
2006,Men,75,4154
2006,Woman,75,3046
2005,Men,75,4254
2005,Woman,75,3038
2004,Men,75,4375
2004,Woman,75,3010
2003,Men,75,4340
2003,Woman,75,2889
2002,Men,75,4158
2002,Woman,75,2991
2001,Men,75,4307
2001,Woman,75,3007
2000,Men,75,4396
2000,Woman,75,3107
1999,Men,75,4527
1999,Woman,75,3197
1998,Men,75,4238
1998,Woman,75,3009
1997,Men,75,4228
1997,Woman,75,3006
1996,Men,75,4043
1996,Woman,75,3117
1995,Men,75,3927
1995,Woman,75,2889
1994,Men,75,3930
1994,Woman,75,2838
1993,Men,75,3950
1993,Woman,75,2865
1992,Men,75,4002
1992,Woman,75,2853
1991,Men,75,3792
1991,Woman,75,2808
1990,Men,75,3660
1990,Woman,75,3023
1989,Men,75,3741
1989,Woman,75,2816
1988,Men,75,3801
1988,Woman,75,2744
1987,Men,75,3871
1987,Woman,75,2785
1986,Men,75,3587
1986,Woman,75,2858
1985,Men,75,3527
1985,Woman,75,2696
1984,Men,75,3448
1984,Woman,75,2701
1983,Men,75,3233
1983,Woman,75,2638
1982,Men,75,3156
1982,Woman,75,2392
1981,Men,75,3036
1981,Woman,75,2465
1980,Men,75,2916
1980,Woman,75,2354
1979,Men,75,2906
1979,Woman,75,2348
1978,Men,75,2865
1978,Woman,75,2266
1977,Men,75,2717
1977,Woman,75,2135
1976,Men,75,2720
1976,Woman,75,2060
1975,Men,75,2601
1975,Woman,75,2026
1974,Men,75,2693
1974,Woman,75,2144
1973,Men,75,2524
1973,Woman,75,1920
1972,Men,75,2400
1972,Woman,75,1951
1971,Men,75,2208
1971,Woman,75,1800
1970,Men,75,2138
1970,Woman,75,1734
2023,Men,80,6277
2023,Woman,80,4856
2022,Men,80,6060
2022,Woman,80,4578
2021,Men,80,5379
2021,Woman,80,4419
2020,Men,80,4586
2020,Woman,80,4023
2019,Men,80,4737
2019,Woman,80,3915
2018,Men,80,4456
2018,Woman,80,3739
2017,Men,80,4112
2017,Woman,80,3434
2016,Men,80,3973
2016,Woman,80,3281
2015,Men,80,3869
2015,Woman,80,3205
2014,Men,80,3679
2014,Woman,80,3189
2013,Men,80,3673
2013,Woman,80,3235
2012,Men,80,3429
2012,Woman,80,2993
2011,Men,80,3567
2011,Woman,80,3056
2010,Men,80,3486
2010,Woman,80,2909
2009,Men,80,3402
2009,Woman,80,2900
2008,Men,80,3314
2008,Woman,80,2923
2007,Men,80,3307
2007,Woman,80,2812
2006,Men,80,3504
2006,Woman,80,2834
2005,Men,80,3615
2005,Woman,80,2912
2004,Men,80,3598
2004,Woman,80,2873
2003,Men,80,3620
2003,Woman,80,2911
2002,Men,80,3434
2002,Woman,80,2766
2001,Men,80,3306
2001,Woman,80,2759
2000,Men,80,3225
2000,Woman,80,2615
1999,Men,80,3048
1999,Woman,80,2499
1998,Men,80,2872
1998,Woman,80,2464
1997,Men,80,2928
1997,Woman,80,2472
1996,Men,80,2854
1996,Woman,80,2553
1995,Men,80,2861
1995,Woman,80,2394
1994,Men,80,2973
1994,Woman,80,2371
1993,Men,80,2848
1993,Woman,80,2456
1992,Men,80,2822
1992,Woman,80,2389
1991,Men,80,2712
1991,Woman,80,2297
1990,Men,80,2629
1990,Woman,80,2316
1989,Men,80,2518
1989,Woman,80,2316
1988,Men,80,2468
1988,Woman,80,2294
1987,Men,80,2490
1987,Woman,80,2238
1986,Men,80,2437
1986,Woman,80,2135
1985,Men,80,2336
1985,Woman,80,2123
1984,Men,80,2354
1984,Woman,80,2031
1983,Men,80,2233
1983,Woman,80,2020
1982,Men,80,2180
1982,Woman,80,1911
1981,Men,80,1947
1981,Woman,80,1833
1980,Men,80,1914
1980,Woman,80,1844
1979,Men,80,1915
1979,Woman,80,1805
1978,Men,80,1778
1978,Woman,80,1635
1977,Men,80,1790
1977,Woman,80,1616
1976,Men,80,1705
1976,Woman,80,1541
1975,Men,80,1653
1975,Woman,80,1507
1974,Men,80,1691
1974,Woman,80,1516
1973,Men,80,1590
1973,Woman,80,1444
1972,Men,80,1582
1972,Woman,80,1371
1971,Men,80,1534
1971,Woman,80,1343
1970,Men,80,1446
1970,Woman,80,1313
2023,Men,85,4399
2023,Woman,85,4682
2022,Men,85,4404
2022,Woman,85,4695
2021,Men,85,4252
2021,Woman,85,4729
2020,Men,85,3739
2020,Woman,85,3904
2019,Men,85,3788
2019,Woman,85,4104
2018,Men,85,3608
2018,Woman,85,3870
2017,Men,85,3482
2017,Woman,85,3893
2016,Men,85,3441
2016,Woman,85,3862
2015,Men,85,3308
2015,Woman,85,3560
2014,Men,85,3250
2014,Woman,85,3717
2013,Men,85,3026
2013,Woman,85,3410
2012,Men,85,2912
2012,Woman,85,3348
2011,Men,85,2974
2011,Woman,85,3347
2010,Men,85,2769
2010,Woman,85,3157
2009,Men,85,2750
2009,Woman,85,3116
2008,Men,85,2637
2008,Woman,85,2848
2007,Men,85,2475
2007,Woman,85,2852
2006,Men,85,2496
2006,Woman,85,2882
2005,Men,85,2370
2005,Woman,85,2730
2004,Men,85,2207
2004,Woman,85,2515
2003,Men,85,2136
2003,Woman,85,2279
2002,Men,85,2063
2002,Woman,85,2254
2001,Men,85,2029
2001,Woman,85,2320
2000,Men,85,2005
2000,Woman,85,2213
1999,Men,85,1958
1999,Woman,85,2160
1998,Men,85,1830
1998,Woman,85,2127
1997,Men,85,1744
1997,Woman,85,2050
1996,Men,85,1717
1996,Woman,85,2099
1995,Men,85,1643
1995,Woman,85,1899
1994,Men,85,1638
1994,Woman,85,1923
1993,Men,85,1539
1993,Woman,85,1914
1992,Men,85,1569
1992,Woman,85,1793
1991,Men,85,1470
1991,Woman,85,1768
1990,Men,85,1465
1990,Woman,85,1796
1989,Men,85,1516
1989,Woman,85,1810
1988,Men,85,1388
1988,Woman,85,1735
1987,Men,85,1410
1987,Woman,85,1761
1986,Men,85,1379
1986,Woman,85,1696
1985,Men,85,1326
1985,Woman,85,1731
1984,Men,85,1308
1984,Woman,85,1545
1983,Men,85,1314
1983,Woman,85,1500
1982,Men,85,1177
1982,Woman,85,1454
1981,Men,85,1141
1981,Woman,85,1351
1980,Men,85,1131
1980,Woman,85,1347
1979,Men,85,1114
1979,Woman,85,1316
1978,Men,85,1034
1978,Woman,85,1184
1977,Men,85,1064
1977,Woman,85,1214
1976,Men,85,970
1976,Woman,85,1090
1975,Men,85,1066
1975,Woman,85,1058
1974,Men,85,1022
1974,Woman,85,1061
1973,Men,85,1027
1973,Woman,85,1031
1972,Men,85,998
1972,Woman,85,936
1971,Men,85,952
1971,Woman,85,818
1970,Men,85,805
1970,Woman,85,865
2023,Men,Total,41825
2023,Woman,Total,38677
2022,Men,Total,42641
2022,Woman,Total,38554
2021,Men,Total,40359
2021,Woman,Total,38844
2020,Men,Total,36879
2020,Woman,Total,35031
2019,Men,Total,38972
2019,Woman,Total,36398
2018,Men,Total,37694
2018,Woman,Total,34796
2017,Men,Total,36374
2017,Woman,Total,34298
2016,Men,Total,35922
2016,Woman,Total,32768
2015,Men,Total,35161
2015,Woman,Total,32094
2014,Men,Total,34927
2014,Woman,Total,32117
2013,Men,Total,32838
2013,Woman,Total,30698
2012,Men,Total,30788
2012,Woman,Total,29292
2011,Men,Total,31364
2011,Woman,Total,28946
2010,Men,Total,30427
2010,Woman,Total,27539
2009,Men,Total,30527
2009,Woman,Total,26886
2008,Men,Total,28043
2008,Woman,Total,26055
2007,Men,Total,27327
2007,Woman,Total,25397
2006,Men,Total,27854
2006,Woman,Total,24950
2005,Men,Total,27748
2005,Woman,Total,24479
2004,Men,Total,27616
2004,Woman,Total,24190
2003,Men,Total,26264
2003,Woman,Total,23694
2002,Men,Total,24853
2002,Woman,Total,23305
2001,Men,Total,24244
2001,Woman,Total,23011
2000,Men,Total,23833
2000,Woman,Total,22546
1999,Men,Total,23728
1999,Woman,Total,22154
1998,Men,Total,22491
1998,Woman,Total,21917
1997,Men,Total,21959
1997,Woman,Total,21486
1996,Men,Total,21565
1996,Woman,Total,21722
1995,Men,Total,21247
1995,Woman,Total,21235
1994,Men,Total,21807
1994,Woman,Total,21193
1993,Men,Total,21473
1993,Woman,Total,20791
1992,Men,Total,21126
1992,Woman,Total,20517
1991,Men,Total,20873
1991,Woman,Total,20310
1990,Men,Total,20086
1990,Woman,Total,20812
1989,Men,Total,20447
1989,Woman,Total,19909
1988,Men,Total,20251
1988,Woman,Total,19728
1987,Men,Total,20214
1987,Woman,Total,19840
1986,Men,Total,19597
1986,Woman,Total,19076
1985,Men,Total,19532
1985,Woman,Total,18715
1984,Men,Total,19414
1984,Woman,Total,18497
1983,Men,Total,18775
1983,Woman,Total,18304
1982,Men,Total,18288
1982,Woman,Total,17783
1981,Men,Total,17708
1981,Woman,Total,17428
1980,Men,Total,17660
1980,Woman,Total,17311
1979,Men,Total,17067
1979,Woman,Total,17426
1978,Men,Total,16725
1978,Woman,Total,16682
1977,Men,Total,16469
1977,Woman,Total,16465
1976,Men,Total,16692
1976,Woman,Total,15894
1975,Men,Total,16183
1975,Woman,Total,15621
1974,Men,Total,16118
1974,Woman,Total,15690
1973,Men,Total,15882
1973,Woman,Total,15435
1972,Men,Total,15325
1972,Woman,Total,15212
1971,Men,Total,14713
1971,Woman,Total,14582
1970,Men,Total,14044
1970,Woman,Total,14396
