year,age,pop,dead
1999,0,,27937
1999,1,,1989
1999,2,,1376
1999,3,,1046
1999,4,,838
1999,5,,763
1999,6,,696
1999,7,,683
1999,8,,692
1999,9,,640
1999,10,,687
1999,11,,711
1999,12,,717
1999,13,,847
1999,14,,1159
1999,15,,1509
1999,16,,2354
1999,17,,2904
1999,18,,3404
1999,19,,3607
1999,20,,3501
1999,21,,3538
1999,22,,3373
1999,23,,3288
1999,24,,3178
1999,25,,3137
1999,26,,3277
1999,27,,3549
1999,28,,3762
1999,29,,3978
1999,30,,4005
1999,31,,4184
1999,32,,4599
1999,33,,4965
1999,34,,5610
1999,35,,6275
1999,36,,6667
1999,37,,7306
1999,38,,8041
1999,39,,8515
1999,40,,9036
1999,41,,9807
1999,42,,10473
1999,43,,11212
1999,44,,11924
1999,45,,12407
1999,46,,13106
1999,47,,13550
1999,48,,14039
1999,49,,15018
1999,50,,15633
1999,51,,16870
1999,52,,18686
1999,53,,16198
1999,54,,17467
1999,55,,19151
1999,56,,21335
1999,57,,20641
1999,58,,21328
1999,59,,22429
1999,60,,23520
1999,61,,25087
1999,62,,26240
1999,63,,28216
1999,64,,31032
1999,65,,31942
1999,66,,34234
1999,67,,36624
1999,68,,40061
1999,69,,43834
1999,70,,45803
1999,71,,49997
1999,72,,53562
1999,73,,56456
1999,74,,60087
1999,75,,62824
1999,76,,64443
1999,77,,68654
1999,78,,70776
1999,79,,71652
1999,80,,70344
1999,81,,72038
1999,82,,72361
1999,83,,72459
1999,84,,73039
1999,85,,72299
1999,86,,70110
1999,87,,66398
1999,88,,63168
1999,89,,58928
1999,90,,53410
1999,91,,49652
1999,92,,43121
1999,93,,36454
1999,94,,31354
1999,95,,25851
1999,96,,20738
1999,97,,15821
1999,98,,12093
1999,99,,8831
1999,100,,17913
2000,0,3855956,28035
2000,1,3798691,1946
2000,2,3800144,1317
2000,3,3821118,932
2000,4,3902384,784
2000,5,3967834,744
2000,6,4004335,653
2000,7,4091467,642
2000,8,4164871,609
2000,9,4235345,605
2000,10,4318540,644
2000,11,4151953,742
2000,12,4084732,741
2000,13,4034618,872
2000,14,4047853,1161
2000,15,4064678,1559
2000,16,3983291,2209
2000,17,4048379,2736
2000,18,4079606,3367
2000,19,4119001,3692
2000,20,4101286,3723
2000,21,3893853,3779
2000,22,3771190,3512
2000,23,3722452,3396
2000,24,3627886,3334
2000,25,3747738,3299
2000,26,3644037,3249
2000,27,3747633,3482
2000,28,3947343,3629
2000,29,4193512,4022
2000,30,4297742,4025
2000,31,4062757,4255
2000,32,3999268,4382
2000,33,4019117,4786
2000,34,4145350,5322
2000,35,4446557,5891
2000,36,4528984,6566
2000,37,4523611,7235
2000,38,4547235,7901
2000,39,4604465,8547
2000,40,4696305,9405
2000,41,4513298,9973
2000,42,4522455,10600
2000,43,4476856,11629
2000,44,4309077,12051
2000,45,4335271,12905
2000,46,4155176,13390
2000,47,4025331,14164
2000,48,3898395,14887
2000,49,3805354,15486
2000,50,3800059,16356
2000,51,3663455,16992
2000,52,3637919,18527
2000,53,3816136,20212
2000,54,2861878,17422
2000,55,2854393,18781
2000,56,2817330,20403
2000,57,2913690,22527
2000,58,2580483,22248
2000,59,2400041,22792
2000,60,2337902,23748
2000,61,2230218,25092
2000,62,2190359,26924
2000,63,2069449,28018
2000,64,2035201,30313
2000,65,2039337,32150
2000,66,1876784,33135
2000,67,1882892,36042
2000,68,1867764,38801
2000,69,1857132,41611
2000,70,1884298,45594
2000,71,1788317,48157
2000,72,1781935,52391
2000,73,1735378,55183
2000,74,1670100,58145
2000,75,1649707,62634
2000,76,1568457,64746
2000,77,1472736,66877
2000,78,1417670,70755
2000,79,1330049,72688
2000,80,1229253,73680
2000,81,1066141,70977
2000,82,1002304,73375
2000,83,884002,72303
2000,84,802840,72410
2000,85,2806405,72959
2000,86,,71132
2000,87,,68345
2000,88,,63584
2000,89,,59793
2000,90,1118191,54952
2000,91,,49513
2000,92,,44901
2000,93,,37997
2000,94,,31920
2000,95,287595,26185
2000,96,,21011
2000,97,,16402
2000,98,,12134
2000,99,,8909
2000,100,50281,18434
2001,0,4012658,27568
2001,1,3855407,2002
2001,2,3800096,1303
2001,3,3802710,983
2001,4,3827346,819
2001,5,3910033,670
2001,6,3972508,633
2001,7,4012049,581
2001,8,4099542,584
2001,9,4179230,625
2001,10,4277249,636
2001,11,4344913,681
2001,12,4183955,736
2001,13,4113191,861
2001,14,4059370,1088
2001,15,4083878,1461
2001,16,4108304,2182
2001,17,4028736,2771
2001,18,4102851,3377
2001,19,4132515,3764
2001,20,4156725,3757
2001,21,4133311,4095
2001,22,3919316,3715
2001,23,3798554,3609
2001,24,3749380,3521
2001,25,3659719,3406
2001,26,3768152,3573
2001,27,3668700,3511
2001,28,3766129,3763
2001,29,3956647,3958
2001,30,4218260,4382
2001,31,4302689,4438
2001,32,4082902,4571
2001,33,4014912,4879
2001,34,4033412,5202
2001,35,4161140,5901
2001,36,4457678,6597
2001,37,4534648,7472
2001,38,4529329,8173
2001,39,4553123,8752
2001,40,4606601,9507
2001,41,4700471,10204
2001,42,4514435,10659
2001,43,4523433,11861
2001,44,4470894,12548
2001,45,4301955,13231
2001,46,4331582,14021
2001,47,4152347,14833
2001,48,4018921,15328
2001,49,3894178,16271
2001,50,3796146,16640
2001,51,3796980,17558
2001,52,3654405,18537
2001,53,3631014,19897
2001,54,3808740,21749
2001,55,2851092,18963
2001,56,2846838,20109
2001,57,2805407,22022
2001,58,2900132,24525
2001,59,2565506,23904
2001,60,2380300,24353
2001,61,2323707,25239
2001,62,2213270,26883
2001,63,2172024,28576
2001,64,2047019,29565
2001,65,2012270,31559
2001,66,2013441,33635
2001,67,1850485,34965
2001,68,1852792,37350
2001,69,1833245,40723
2001,70,1817859,43556
2001,71,1844676,47443
2001,72,1743767,50027
2001,73,1733630,54608
2001,74,1682014,57094
2001,75,1610892,60252
2001,76,1589103,64767
2001,77,1503097,66922
2001,78,1405933,68726
2001,79,1346388,73010
2001,80,1254832,74602
2001,81,1154138,74618
2001,82,993071,72642
2001,83,927192,73768
2001,84,808972,72622
2001,85,2846666,72205
2001,86,,71689
2001,87,,69432
2001,88,,65507
2001,89,,60942
2001,90,1132118,55277
2001,91,,50250
2001,92,,44059
2001,93,,39272
2001,94,,32456
2001,95,285256,26789
2001,96,,21492
2001,97,,16364
2001,98,,12544
2001,99,,8765
2001,100,48454,18488
2002,0,3951461,28034
2002,1,4004674,1910
2002,2,3856114,1257
2002,3,3804336,912
2002,4,3812607,779
2002,5,3837187,674
2002,6,3913054,568
2002,7,3982360,565
2002,8,4020970,613
2002,9,4118846,598
2002,10,4243816,635
2002,11,4295720,656
2002,12,4380351,800
2002,13,4209025,947
2002,14,4132509,1094
2002,15,4097876,1417
2002,16,4126961,2340
2002,17,4148590,2773
2002,18,4084316,3439
2002,19,4152627,3843
2002,20,4158896,3844
2002,21,4182678,4089
2002,22,4145736,3881
2002,23,3936927,3754
2002,24,3819528,3666
2002,25,3779169,3507
2002,26,3669915,3587
2002,27,3791713,3486
2002,28,3682001,3551
2002,29,3768542,3828
2002,30,3994164,4165
2002,31,4210913,4525
2002,32,4330977,4656
2002,33,4095531,4938
2002,34,4026721,5112
2002,35,4050190,5592
2002,36,4168398,6137
2002,37,4459389,7051
2002,38,4538848,7856
2002,39,4534393,8711
2002,40,4551912,9522
2002,41,4610846,10318
2002,42,4699196,11136
2002,43,4515522,11953
2002,44,4511955,12864
2002,45,4461379,13633
2002,46,4301101,14378
2002,47,4330110,15201
2002,48,4143330,16194
2002,49,4016368,16659
2002,50,3881009,17411
2002,51,3797199,18161
2002,52,3785188,18955
2002,53,3650409,20211
2002,54,3626101,21582
2002,55,3788111,23706
2002,56,2846712,20472
2002,57,2833628,21475
2002,58,2792832,23564
2002,59,2881784,26224
2002,60,2540735,25813
2002,61,2370358,25863
2002,62,2306156,27401
2002,63,2195850,28551
2002,64,2147166,30273
2002,65,2025379,31152
2002,66,1986541,32892
2002,67,1986526,35781
2002,68,1821142,36341
2002,69,1818893,39425
2002,70,1792760,42908
2002,71,1782107,46022
2002,72,1797946,49512
2002,73,1697450,52427
2002,74,1679791,56530
2002,75,1620812,60029
2002,76,1554475,62645
2002,77,1522890,66983
2002,78,1436185,69209
2002,79,1336099,71274
2002,80,1269310,75456
2002,81,1180698,76729
2002,82,1075053,76857
2002,83,919945,73680
2002,84,849397,74792
2002,85,2886374,72656
2002,86,,72099
2002,87,,70322
2002,88,,67154
2002,89,,63154
2002,90,1149716,56949
2002,91,,51598
2002,92,,45961
2002,93,,39917
2002,94,,34162
2002,95,285775,27281
2002,96,,21624
2002,97,,17001
2002,98,,12890
2002,99,,9486
2002,100,46943,18822
2003,0,3975871,28025
2003,1,3936139,1864
2003,2,4002836,1338
2003,3,3860727,1003
2003,4,3816873,760
2003,5,3823568,649
2003,6,3837761,582
2003,7,3924182,565
2003,8,3991075,558
2003,9,4044265,544
2003,10,4205042,683
2003,11,4254047,623
2003,12,4332987,756
2003,13,4401393,911
2003,14,4221884,1083
2003,15,4172654,1397
2003,16,4139141,2186
2003,17,4160313,2702
2003,18,4201835,3537
2003,19,4123223,3773
2003,20,4156877,3943
2003,21,4167554,4019
2003,22,4175294,4161
2003,23,4147777,4004
2003,24,3944186,3846
2003,25,3842468,3615
2003,26,3771710,3676
2003,27,3688646,3604
2003,28,3794838,3576
2003,29,3673923,3779
2003,30,3813536,3906
2003,31,3973726,4256
2003,32,4245067,4719
2003,33,4337299,5063
2003,34,4102582,5106
2003,35,4042650,5537
2003,36,4051962,5952
2003,37,4165007,6639
2003,38,4462051,7503
2003,39,4542489,8424
2003,40,4529389,9212
2003,41,4556844,10161
2003,42,4606465,11110
2003,43,4699388,12029
2003,44,4497961,12894
2003,45,4499971,13673
2003,46,4462427,14973
2003,47,4300483,15596
2003,48,4317939,16579
2003,49,4141856,17352
2003,50,3998812,18055
2003,51,3886144,18846
2003,52,3782009,19506
2003,53,3783390,20241
2003,54,3646923,21960
2003,55,3601691,23261
2003,56,3785668,25373
2003,57,2831596,21829
2003,58,2821608,23316
2003,59,2773994,25560
2003,60,2849408,28145
2003,61,2534959,27509
2003,62,2352131,28126
2003,63,2289143,28881
2003,64,2168747,30519
2003,65,2125962,31760
2003,66,1999916,32535
2003,67,1961151,35034
2003,68,1955990,37184
2003,69,1787777,38304
2003,70,1777336,41374
2003,71,1760292,43803
2003,72,1736351,47962
2003,73,1751589,51700
2003,74,1644551,53841
2003,75,1617308,58764
2003,76,1567629,61925
2003,77,1489790,64656
2003,78,1456995,68459
2003,79,1366120,71381
2003,80,1259724,73082
2003,81,1196760,76366
2003,82,1100969,77613
2003,83,997727,77263
2003,84,843416,73515
2003,85,2952567,73905
2003,86,,71865
2003,87,,69675
2003,88,,67694
2003,89,,63708
2003,90,1175910,58486
2003,91,,52427
2003,92,,46435
2003,93,,40449
2003,94,,33606
2003,95,291094,28565
2003,96,,22406
2003,97,,17015
2003,98,,12892
2003,99,,9393
2003,100,46605,19331
2004,0,4014258,27936
2004,1,3953063,1964
2004,2,3933735,1194
2004,3,4008220,889
2004,4,3876609,738
2004,5,3829607,657
2004,6,3822089,602
2004,7,3850646,538
2004,8,3933161,521
2004,9,4018734,570
2004,10,4151951,577
2004,11,4207721,581
2004,12,4293550,734
2004,13,4350199,880
2004,14,4408259,1174
2004,15,4264863,1527
2004,16,4213762,2210
2004,17,4167308,2712
2004,18,4214061,3491
2004,19,4242558,3766
2004,20,4131771,3748
2004,21,4180191,4095
2004,22,4173077,4020
2004,23,4192674,3905
2004,24,4167847,3947
2004,25,3981519,3856
2004,26,3838225,3783
2004,27,3801676,3783
2004,28,3697495,3551
2004,29,3788140,3798
2004,30,3737940,3592
2004,31,3790984,3980
2004,32,4023788,4515
2004,33,4257394,4800
2004,34,4349395,5210
2004,35,4127056,5495
2004,36,4048580,5606
2004,37,4051890,6220
2004,38,4174027,6831
2004,39,4473096,7792
2004,40,4540929,8867
2004,41,4540376,9654
2004,42,4555019,10741
2004,43,4610120,11709
2004,44,4679182,12447
2004,45,4486566,13605
2004,46,4506067,14805
2004,47,4465196,15809
2004,48,4287486,16368
2004,49,4319947,17340
2004,50,4121104,18365
2004,51,4010062,19112
2004,52,3868188,19968
2004,53,3782872,20651
2004,54,3782442,21674
2004,55,3618001,22772
2004,56,3603856,24262
2004,57,3763702,26838
2004,58,2819754,23093
2004,59,2801863,24198
2004,60,2739059,26363
2004,61,2848602,29422
2004,62,2515357,28754
2004,63,2335553,28976
2004,64,2259557,30019
2004,65,2148431,31294
2004,66,2098650,32894
2004,67,1975087,34033
2004,68,1930847,35789
2004,69,1920414,37974
2004,70,1744903,39344
2004,71,1747347,41942
2004,72,1713793,45322
2004,73,1691931,48520
2004,74,1696130,52554
2004,75,1581121,55089
2004,76,1566753,59134
2004,77,1501866,62377
2004,78,1425682,65378
2004,79,1385977,68768
2004,80,1286733,71315
2004,81,1189534,72786
2004,82,1115106,76388
2004,83,1023151,77067
2004,84,913980,75928
2004,85,2998919,71116
2004,86,,71293
2004,87,,68096
2004,88,,65235
2004,89,,62400
2004,90,1207286,57365
2004,91,,51846
2004,92,,45308
2004,93,,39487
2004,94,,33655
2004,95,293507,27074
2004,96,,22038
2004,97,,16862
2004,98,,12366
2004,99,,9106
2004,100,46171,18526
2005,0,4004393,28440
2005,1,3987032,1915
2005,2,3952632,1244
2005,3,3943215,875
2005,4,4030128,722
2005,5,3893128,596
2005,6,3828153,619
2005,7,3838840,547
2005,8,3861877,530
2005,9,3967069,545
2005,10,4150122,509
2005,11,4149228,601
2005,12,4251162,647
2005,13,4308851,849
2005,14,4353216,1159
2005,15,4456969,1514
2005,16,4308145,2106
2005,17,4239509,2760
2005,18,4225126,3454
2005,19,4256465,3869
2005,20,4241197,3859
2005,21,4150658,4177
2005,22,4176096,4189
2005,23,4183656,4182
2005,24,4208348,4124
2005,25,4206096,4119
2005,26,3966722,4006
2005,27,3870040,3896
2005,28,3805526,3860
2005,29,3686326,3687
2005,30,3866581,3940
2005,31,3705594,4064
2005,32,3848038,4444
2005,33,4035045,4679
2005,34,4268679,5230
2005,35,4377057,5501
2005,36,4130501,5646
2005,37,4044933,6092
2005,38,4060608,6630
2005,39,4185554,7551
2005,40,4470383,8594
2005,41,4553968,9554
2005,42,4537278,10773
2005,43,4559728,11676
2005,44,4585528,12768
2005,45,4666734,13782
2005,46,4496805,14714
2005,47,4511695,15779
2005,48,4449860,16969
2005,49,4292077,18139
2005,50,4295348,19183
2005,51,4138594,19926
2005,52,3989065,21181
2005,53,3871906,21619
2005,54,3783820,22238
2005,55,3748247,23400
2005,56,3625240,24329
2005,57,3582008,26278
2005,58,3748661,28623
2005,59,2799064,24848
2005,60,2763609,26050
2005,61,2745139,28086
2005,62,2827064,31895
2005,63,2498812,30880
2005,64,2303653,30912
2005,65,2240858,31533
2005,66,2121740,32790
2005,67,2074635,34775
2005,68,1945279,35565
2005,69,1896115,37573
2005,70,1873726,40502
2005,71,1718367,41615
2005,72,1700960,44448
2005,73,1671512,48368
2005,74,1638505,51186
2005,75,1629763,54667
2005,76,1535359,57153
2005,77,1501643,62123
2005,78,1439475,65646
2005,79,1357369,68299
2005,80,1305661,72197
2005,81,1218283,74274
2005,82,1109756,75397
2005,83,1038431,78135
2005,84,939062,78774
2005,85,3102921,77060
2005,86,,71933
2005,87,,71210
2005,88,,67493
2005,89,,63702
2005,90,1242587,60272
2005,91,,54510
2005,92,,48560
2005,93,,41558
2005,94,,34806
2005,95,301368,28986
2005,96,,22975
2005,97,,18051
2005,98,,13184
2005,99,,9565
2005,100,46423,19304
2006,0,4041738,28527
2006,1,3972124,1841
2006,2,3988119,1218
2006,3,3966022,864
2006,4,3970880,708
2006,5,4050582,687
2006,6,3891329,544
2006,7,3848758,508
2006,8,3852265,514
2006,9,3901754,482
2006,10,4121105,511
2006,11,4141970,570
2006,12,4196880,583
2006,13,4264733,758
2006,14,4308450,992
2006,15,4406515,1414
2006,16,4502997,2152
2006,17,4331493,2724
2006,18,4301050,3539
2006,19,4265654,3910
2006,20,4248095,4005
2006,21,4258790,4353
2006,22,4141532,4157
2006,23,4186427,4275
2006,24,4201291,4358
2006,25,4254643,4345
2006,26,4186325,4216
2006,27,4004498,4276
2006,28,3874154,3976
2006,29,3790391,4084
2006,30,3779051,3982
2006,31,3824265,4278
2006,32,3772538,4241
2006,33,3860165,4524
2006,34,4049149,5030
2006,35,4302604,5753
2006,36,4380502,5895
2006,37,4126573,6047
2006,38,4056686,6545
2006,39,4074868,7259
2006,40,4184594,8075
2006,41,4488189,9137
2006,42,4552280,10485
2006,43,4544742,11507
2006,44,4532763,12340
2006,45,4573546,13556
2006,46,4682144,14516
2006,47,4506142,15790
2006,48,4495342,17184
2006,49,4458112,18222
2006,50,4264904,19181
2006,51,4320192,20212
2006,52,4114856,21327
2006,53,3996095,22088
2006,54,3874826,22955
2006,55,3745012,23641
2006,56,3760899,24552
2006,57,3601973,26014
2006,58,3568659,28325
2006,59,3720317,30521
2006,60,2757092,26299
2006,61,2776869,27110
2006,62,2725651,29990
2006,63,2810202,33146
2006,64,2463439,31803
2006,65,2286008,31888
2006,66,2213751,32682
2006,67,2098690,34477
2006,68,2044245,35715
2006,69,1910507,37121
2006,70,1848556,39233
2006,71,1848947,41674
2006,72,1672443,42333
2006,73,1660842,45897
2006,74,1619038,49073
2006,75,1573506,52331
2006,76,1587027,56867
2006,77,1472328,59092
2006,78,1441641,63064
2006,79,1372532,66356
2006,80,1278890,69171
2006,81,1239927,72756
2006,82,1138135,75132
2006,83,1036784,75017
2006,84,954381,77552
2006,85,3229873,77234
2006,86,,74920
2006,87,,69050
2006,88,,67930
2006,89,,62978
2006,90,1275975,58627
2006,91,,54359
2006,92,,48560
2006,93,,41846
2006,94,,34970
2006,95,313089,28775
2006,96,,22773
2006,97,,17591
2006,98,,13590
2006,99,,9507
2006,100,46992,19282
2007,0,4147997,29138
2007,1,4002215,1940
2007,2,3973479,1178
2007,3,4004011,882
2007,4,3998260,703
2007,5,3993489,595
2007,6,4046402,570
2007,7,3914743,528
2007,8,3863089,511
2007,9,3896888,507
2007,10,4075718,551
2007,11,4106492,535
2007,12,4192002,590
2007,13,4207326,781
2007,14,4259504,979
2007,15,4364495,1372
2007,16,4452250,2009
2007,17,4521045,2593
2007,18,4394638,3504
2007,19,4335388,3821
2007,20,4242404,3769
2007,21,4257371,4187
2007,22,4236043,4309
2007,23,4143940,4113
2007,24,4198241,4305
2007,25,4245572,4129
2007,26,4222850,4233
2007,27,4224395,4226
2007,28,3999799,4160
2007,29,3850082,4183
2007,30,3894527,4117
2007,31,3724612,4102
2007,32,3899463,4263
2007,33,3780927,4339
2007,34,3871236,4820
2007,35,4083733,5309
2007,36,4302578,5837
2007,37,4370533,6255
2007,38,4136991,6598
2007,39,4070056,6882
2007,40,4071341,7607
2007,41,4202260,8475
2007,42,4485432,9546
2007,43,4560505,10932
2007,44,4512801,12165
2007,45,4519792,13071
2007,46,4591932,14477
2007,47,4694196,15643
2007,48,4487653,16708
2007,49,4506188,17839
2007,50,4426479,19360
2007,51,4294933,20623
2007,52,4292620,21352
2007,53,4124978,22451
2007,54,4001168,23162
2007,55,3829701,24254
2007,56,3761384,24955
2007,57,3734883,26279
2007,58,3588953,27504
2007,59,3539851,29466
2007,60,3659454,32041
2007,61,2775802,27403
2007,62,2757918,28804
2007,63,2711325,31648
2007,64,2769163,34756
2007,65,2445756,33801
2007,66,2257671,33496
2007,67,2191327,34281
2007,68,2068095,35602
2007,69,2007386,37811
2007,70,1860716,38341
2007,71,1826784,40687
2007,72,1798955,43613
2007,73,1633722,44334
2007,74,1608315,47272
2007,75,1553097,51055
2007,76,1535224,54369
2007,77,1521903,58251
2007,78,1414814,60579
2007,79,1375325,64775
2007,80,1292775,67786
2007,81,1216593,70562
2007,82,1158822,73985
2007,83,1065220,75459
2007,84,953666,75861
2007,85,3358466,77832
2007,86,,77066
2007,87,,73003
2007,88,,66968
2007,89,,64355
2007,90,1307782,58928
2007,91,,54036
2007,92,,48749
2007,93,,42448
2007,94,,36019
2007,95,325440,29592
2007,96,,22912
2007,97,,18237
2007,98,,13730
2007,99,,10006
2007,100,47857,19766
2008,0,4132735,28059
2008,1,4100756,1967
2008,2,4004146,1169
2008,3,3992320,896
2008,4,4041170,698
2008,5,4024297,568
2008,6,3988117,497
2008,7,4073291,498
2008,8,3930544,489
2008,9,3913353,450
2008,10,4093680,484
2008,11,4055388,506
2008,12,4159477,569
2008,13,4200016,699
2008,14,4198094,891
2008,15,4318982,1303
2008,16,4411176,1831
2008,17,4467060,2399
2008,18,4588123,3277
2008,19,4425539,3597
2008,20,4302988,3784
2008,21,4251950,3948
2008,22,4232792,4073
2008,23,4237432,4012
2008,24,4155450,3974
2008,25,4246210,4141
2008,26,4206583,4023
2008,27,4265165,4152
2008,28,4215620,4266
2008,29,3969090,4204
2008,30,3970191,4235
2008,31,3828094,4190
2008,32,3807761,4180
2008,33,3907253,4367
2008,34,3791506,4517
2008,35,3908041,4951
2008,36,4083819,5362
2008,37,4291673,6243
2008,38,4382157,6577
2008,39,4151773,6731
2008,40,4065710,7216
2008,41,4090091,8126
2008,42,4199463,9021
2008,43,4495218,10322
2008,44,4524541,11821
2008,45,4499251,12769
2008,46,4541484,14114
2008,47,4606123,15627
2008,48,4672955,16695
2008,49,4501160,18212
2008,50,4471128,19581
2008,51,4464006,20741
2008,52,4264599,21817
2008,53,4306809,22877
2008,54,4132932,24109
2008,55,3949524,25085
2008,56,3850704,25952
2008,57,3733201,26521
2008,58,3722427,27898
2008,59,3558712,29252
2008,60,3476545,32013
2008,61,3694987,34646
2008,62,2757325,29582
2008,63,2744863,31105
2008,64,2668775,34128
2008,65,2751913,37040
2008,66,2416007,35615
2008,67,2235669,35708
2008,68,2160024,36530
2008,69,2030734,38557
2008,70,1953328,39931
2008,71,1841560,40787
2008,72,1776463,43896
2008,73,1758650,46481
2008,74,1581331,47034
2008,75,1541027,50235
2008,76,1518327,53618
2008,77,1472006,57532
2008,78,1464084,61804
2008,79,1350299,64181
2008,80,1294601,67733
2008,81,1232307,70756
2008,82,1136851,73025
2008,83,1086404,76795
2008,84,980196,77881
2008,85,3449778,77640
2008,86,,79196
2008,87,,76935
2008,88,,73109
2008,89,,65672
2008,90,1355592,62598
2008,91,,56051
2008,92,,50172
2008,93,,44453
2008,94,,38107
2008,95,340954,31242
2008,96,,24661
2008,97,,19289
2008,98,,14415
2008,99,,10259
2008,100,49516,20892
2009,0,4003587,26412
2009,1,4078797,1748
2009,2,4103002,1157
2009,3,4025675,876
2009,4,4033457,669
2009,5,4070265,586
2009,6,4018200,523
2009,7,4017024,446
2009,8,4089946,458
2009,9,3987064,510
2009,10,4133090,466
2009,11,4066605,575
2009,12,4110576,572
2009,13,4164413,674
2009,14,4185880,841
2009,15,4259907,1159
2009,16,4365338,1718
2009,17,4421341,2250
2009,18,4534634,3051
2009,19,4611590,3342
2009,20,4383628,3519
2009,21,4307414,3863
2009,22,4217667,3658
2009,23,4230115,3931
2009,24,4245298,3925
2009,25,4204602,3877
2009,26,4197922,4107
2009,27,4250014,4018
2009,28,4250613,4225
2009,29,4175077,4385
2009,30,4104133,4303
2009,31,3890200,4192
2009,32,3921281,4319
2009,33,3813001,4401
2009,34,3916499,4675
2009,35,3829432,4878
2009,36,3905615,5243
2009,37,4071181,5832
2009,38,4304006,6557
2009,39,4397562,7000
2009,40,4145183,7447
2009,41,4085265,8020
2009,42,4085849,8728
2009,43,4209233,9670
2009,44,4454485,11290
2009,45,4509265,12568
2009,46,4523596,13917
2009,47,4557336,15340
2009,48,4582655,16649
2009,49,4689393,17933
2009,50,4462192,19359
2009,51,4514833,20905
2009,52,4429228,22684
2009,53,4281465,23593
2009,54,4317125,24620
2009,55,4074019,25556
2009,56,3975863,26572
2009,57,3819855,27649
2009,58,3721219,28269
2009,59,3689647,29660
2009,60,3489302,31518
2009,61,3517588,33317
2009,62,3673134,36617
2009,63,2745716,31634
2009,64,2699257,32515
2009,65,2653345,35435
2009,66,2719454,38535
2009,67,2394376,37050
2009,68,2204229,37086
2009,69,2120973,37665
2009,70,1974076,39434
2009,71,1936308,41317
2009,72,1790136,42164
2009,73,1737897,44731
2009,74,1702305,47615
2009,75,1513301,47955
2009,76,1510000,51082
2009,77,1455744,54733
2009,78,1417539,59223
2009,79,1398480,61994
2009,80,1270444,64312
2009,81,1236769,68109
2009,82,1152248,71549
2009,83,1067638,72946
2009,84,1000612,75824
2009,85,3561170,76411
2009,86,,76038
2009,87,,75946
2009,88,,73111
2009,89,,67626
2009,90,1397519,60015
2009,91,,55639
2009,92,,49329
2009,93,,43309
2009,94,,37242
2009,95,357910,30646
2009,96,,24575
2009,97,,18713
2009,98,,13909
2009,99,,10277
2009,100,50702,20392
2010,0,3951495,24586
2010,1,3957904,1734
2010,2,4090799,1104
2010,3,4111869,844
2010,4,4077511,634
2010,5,4064653,500
2010,6,4073031,466
2010,7,4043100,461
2010,8,4025624,466
2010,9,4125413,437
2010,10,4187075,429
2010,11,4115507,520
2010,12,4113297,551
2010,13,4119616,622
2010,14,4145529,827
2010,15,4230914,1064
2010,16,4313102,1614
2010,17,4376194,2049
2010,18,4490635,2900
2010,19,4571024,3260
2010,20,4568147,3456
2010,21,4387613,3797
2010,22,4286580,3700
2010,23,4216787,3713
2010,24,4243319,3998
2010,25,4289118,3915
2010,26,4160512,3959
2010,27,4236809,3937
2010,28,4247289,4188
2010,29,4210075,4264
2010,30,4303930,4427
2010,31,4042254,4341
2010,32,3967247,4390
2010,33,3933148,4411
2010,34,3821772,4427
2010,35,3947870,4759
2010,36,3829739,4997
2010,37,3896247,5402
2010,38,4079660,6030
2010,39,4323857,6824
2010,40,4386846,7107
2010,41,4162957,7594
2010,42,4082227,8187
2010,43,4093299,8882
2010,44,4177954,10251
2010,45,4437991,11627
2010,46,4529188,13489
2010,47,4534997,14718
2010,48,4534181,15924
2010,49,4598599,17811
2010,50,4645682,19263
2010,51,4498545,20259
2010,52,4480173,22233
2010,53,4439024,23362
2010,54,4288077,24521
2010,55,4258555,25630
2010,56,4092796,27040
2010,57,3946217,27950
2010,58,3802151,29193
2010,59,3694026,30148
2010,60,3616453,31140
2010,61,3519903,32563
2010,62,3494887,35571
2010,63,3651993,38345
2010,64,2705908,33222
2010,65,2678337,34379
2010,66,2621208,37049
2010,67,2693586,40139
2010,68,2359712,39193
2010,69,2167749,39202
2010,70,2062464,40181
2010,71,1953481,41586
2010,72,1883723,43748
2010,73,1750230,44508
2010,74,1685941,47166
2010,75,1631850,49951
2010,76,1481683,50625
2010,77,1449166,54012
2010,78,1402200,57767
2010,79,1354930,60993
2010,80,1319720,64957
2010,81,1212523,67177
2010,82,1158187,71411
2010,83,1081228,73119
2010,84,986815,75639
2010,85,914844,78314
2010,86,821427,77674
2010,87,721152,75827
2010,88,636652,75609
2010,89,546250,72013
2010,90,448416,66424
2010,91,344555,56893
2010,92,288965,52726
2010,93,219195,45038
2010,94,170904,38443
2010,95,131194,32683
2010,96,97259,26112
2010,97,68967,19923
2010,98,47086,14945
2010,99,32214,11021
2010,100,54436,21829
2011,0,3958671,23985
2011,1,3964321,1672
2011,2,3968792,1063
2011,3,4098927,837
2011,4,4118038,674
2011,5,4082805,571
2011,6,4070275,502
2011,7,4080560,458
2011,8,4051330,483
2011,9,4035502,437
2011,10,4145435,457
2011,11,4215504,478
2011,12,4144160,531
2011,13,4139810,634
2011,14,4144331,850
2011,15,4171648,1015
2011,16,4261562,1536
2011,17,4348584,2010
2011,18,4425149,2743
2011,19,4559915,3290
2011,20,4634973,3404
2011,21,4622264,3862
2011,22,4425648,3980
2011,23,4311880,3976
2011,24,4236060,3851
2011,25,4255818,4012
2011,26,4294645,4100
2011,27,4163541,3988
2011,28,4235046,4114
2011,29,4244626,4358
2011,30,4210792,4454
2011,31,4307788,4651
2011,32,4048699,4663
2011,33,3975863,4627
2011,34,3942502,4781
2011,35,3827386,4757
2011,36,3954266,5083
2011,37,3835115,5281
2011,38,3899153,5847
2011,39,4083867,6510
2011,40,4318261,7453
2011,41,4387071,7816
2011,42,4161043,8441
2011,43,4079845,8991
2011,44,4090185,9714
2011,45,4166408,11059
2011,46,4429090,12734
2011,47,4520466,14488
2011,48,4524277,15866
2011,49,4524882,17527
2011,50,4579016,19331
2011,51,4633214,20743
2011,52,4484422,22408
2011,53,4465746,23696
2011,54,4425720,25395
2011,55,4267241,26577
2011,56,4240303,27949
2011,57,4075166,29099
2011,58,3927853,29725
2011,59,3782446,30922
2011,60,3666690,31999
2011,61,3594468,32922
2011,62,3496652,34963
2011,63,3469045,37844
2011,64,3622581,41315
2011,65,2679549,34544
2011,66,2651894,35741
2011,67,2592628,38966
2011,68,2660917,42848
2011,69,2327420,41376
2011,70,2131748,41773
2011,71,2026255,42217
2011,72,1914847,44239
2011,73,1842316,46254
2011,74,1707481,47094
2011,75,1637990,49648
2011,76,1581812,52770
2011,77,1431403,53114
2011,78,1394720,56561
2011,79,1343919,60183
2011,80,1290952,64593
2011,81,1251674,68673
2011,82,1142545,70496
2011,83,1083306,74190
2011,84,1002708,75997
2011,85,906841,77207
2011,86,832155,78410
2011,87,738740,78279
2011,88,640620,75417
2011,89,557643,74599
2011,90,471457,69991
2011,91,380463,62791
2011,92,287389,53805
2011,93,236279,47733
2011,94,175187,39893
2011,95,133606,33411
2011,96,99993,27333
2011,97,72243,21417
2011,98,49774,15858
2011,99,32976,11591
2011,100,56107,22810
2012,0,3917629,23629
2012,1,3973301,1627
2012,2,3974716,1079
2012,3,3976208,820
2012,4,4104440,692
2012,5,4122312,547
2012,6,4088050,446
2012,7,4079575,461
2012,8,4089547,427
2012,9,4062952,453
2012,10,4065298,440
2012,11,4181951,471
2012,12,4245152,510
2012,13,4168180,622
2012,14,4161676,823
2012,15,4169799,1088
2012,16,4202749,1459
2012,17,4295364,1839
2012,18,4405006,2672
2012,19,4508243,3016
2012,20,4619220,3409
2012,21,4686357,3795
2012,22,4651406,4095
2012,23,4442427,3839
2012,24,4329242,3970
2012,25,4247156,3957
2012,26,4261381,4127
2012,27,4300115,4115
2012,28,4163077,4284
2012,29,4237571,4509
2012,30,4253863,4586
2012,31,4222968,4694
2012,32,4321043,4666
2012,33,4062388,4828
2012,34,3989515,4825
2012,35,3947012,5011
2012,36,3838190,5172
2012,37,3961768,5404
2012,38,3838897,5622
2012,39,3906859,6163
2012,40,4073505,7009
2012,41,4327883,7924
2012,42,4384967,8437
2012,43,4160032,8906
2012,44,4077801,9514
2012,45,4073641,10436
2012,46,4163298,11833
2012,47,4423656,13724
2012,48,4510812,15563
2012,49,4519275,16923
2012,50,4498526,18901
2012,51,4575617,20891
2012,52,4618907,22318
2012,53,4471676,23538
2012,54,4455761,25336
2012,55,4398831,27447
2012,56,4252420,28607
2012,57,4224370,29739
2012,58,4057302,31089
2012,59,3908101,32096
2012,60,3747700,33235
2012,61,3650503,34291
2012,62,3572266,35562
2012,63,3472160,37540
2012,64,3441295,40000
2012,65,3585609,43332
2012,66,2655222,36941
2012,67,2624870,38210
2012,68,2561823,41710
2012,69,2624685,45297
2012,70,2286448,43873
2012,71,2097203,43899
2012,72,1987160,44604
2012,73,1873995,46022
2012,74,1798901,48458
2012,75,1657934,49471
2012,76,1590431,52228
2012,77,1530353,55335
2012,78,1378745,55289
2012,79,1338667,59613
2012,80,1280654,63071
2012,81,1227028,66712
2012,82,1181441,70743
2012,83,1070523,72321
2012,84,1006412,75645
2012,85,923954,77107
2012,86,826667,77501
2012,87,750538,78394
2012,88,658218,77411
2012,89,563414,73849
2012,90,482549,71900
2012,91,401733,65335
2012,92,318207,57024
2012,93,236054,47598
2012,94,189981,42416
2012,95,137176,34396
2012,96,102365,27640
2012,97,74681,22038
2012,98,52317,16723
2012,99,35146,12012
2012,100,58051,23963
2013,0,3917742,23440
2013,1,3936049,1657
2013,2,3984886,1015
2013,3,3982615,751
2013,4,3982288,645
2013,5,4108720,565
2013,6,4128046,501
2013,7,4099885,442
2013,8,4090021,455
2013,9,4103362,464
2013,10,4102857,426
2013,11,4109041,457
2013,12,4211774,556
2013,13,4267289,674
2013,14,4188091,800
2013,15,4187774,1046
2013,16,4202929,1353
2013,17,4236057,1840
2013,18,4360664,2384
2013,19,4503770,2857
2013,20,4559036,3272
2013,21,4657790,3681
2013,22,4699292,3909
2013,23,4653188,4092
2013,24,4452175,4052
2013,25,4331858,3963
2013,26,4246278,4156
2013,27,4264765,4290
2013,28,4294590,4293
2013,29,4166538,4354
2013,30,4252655,4607
2013,31,4271255,4723
2013,32,4240447,4822
2013,33,4338223,5064
2013,34,4077469,5191
2013,35,3990515,5261
2013,36,3959741,5279
2013,37,3845503,5442
2013,38,3963808,5739
2013,39,3848584,6100
2013,40,3890132,6742
2013,41,4090390,7454
2013,42,4324552,8666
2013,43,4383687,9219
2013,44,4157394,9671
2013,45,4054204,10346
2013,46,4074683,11586
2013,47,4160071,13111
2013,48,4414156,14808
2013,49,4508965,16982
2013,50,4484386,18589
2013,51,4503012,20534
2013,52,4560739,22221
2013,53,4607336,23975
2013,54,4464221,25572
2013,55,4422226,27573
2013,56,4386325,29471
2013,57,4237452,30563
2013,58,4205485,32235
2013,59,4035716,33139
2013,60,3864527,34448
2013,61,3736855,35541
2013,62,3627928,36704
2013,63,3547270,38167
2013,64,3443457,40286
2013,65,3402020,42834
2013,66,3554874,46718
2013,67,2628312,39259
2013,68,2594242,40999
2013,69,2525784,44699
2013,70,2573710,48719
2013,71,2249854,47166
2013,72,2055157,46689
2013,73,1943703,47625
2013,74,1828592,49721
2013,75,1742754,51510
2013,76,1609664,52797
2013,77,1537531,55857
2013,78,1472468,58553
2013,79,1321758,58597
2013,80,1272790,62727
2013,81,1216656,66288
2013,82,1156043,70458
2013,83,1104962,73284
2013,84,992128,74942
2013,85,925441,77990
2013,86,840170,78487
2013,87,743305,78724
2013,88,666798,78244
2013,89,577017,75813
2013,90,486024,71379
2013,91,409193,67102
2013,92,334820,60918
2013,93,259582,52360
2013,94,188917,42428
2013,95,148058,36053
2013,96,104135,28479
2013,97,76021,22371
2013,98,53557,17439
2013,99,36625,12422
2013,100,60134,24989
2014,0,3936638,23215
2014,1,3939812,1456
2014,2,3949224,991
2014,3,3994169,741
2014,4,3990024,642
2014,5,3987656,533
2014,6,4115936,473
2014,7,4143393,461
2014,8,4112412,442
2014,9,4106551,448
2014,10,4154818,421
2014,11,4155867,468
2014,12,4139718,532
2014,13,4232662,680
2014,14,4286439,792
2014,15,4216390,1021
2014,16,4224286,1434
2014,17,4237556,1802
2014,18,4311550,2445
2014,19,4477272,2884
2014,20,4550833,3189
2014,21,4590170,3697
2014,22,4656517,4026
2014,23,4689827,4070
2014,24,4658608,4223
2014,25,4450291,4251
2014,26,4327903,4341
2014,27,4251346,4235
2014,28,4260037,4477
2014,29,4301675,4621
2014,30,4190186,4520
2014,31,4278349,4941
2014,32,4295272,5019
2014,33,4263226,5220
2014,34,4358115,5552
2014,35,4076462,5619
2014,36,4007497,5636
2014,37,3968570,5844
2014,38,3848330,5883
2014,39,3977660,6343
2014,40,3827021,6623
2014,41,3914106,7553
2014,42,4087535,8244
2014,43,4325163,9234
2014,44,4381972,10017
2014,45,4127701,10556
2014,46,4060409,11364
2014,47,4074509,12554
2014,48,4151898,14231
2014,49,4416343,16311
2014,50,4466683,18270
2014,51,4497929,20421
2014,52,4489115,21956
2014,53,4550982,24346
2014,54,4602915,25908
2014,55,4424730,28051
2014,56,4413590,29933
2014,57,4373004,31901
2014,58,4218897,32920
2014,59,4183381,34365
2014,60,3983702,35873
2014,61,3860071,37408
2014,62,3714841,38416
2014,63,3603046,39584
2014,64,3519369,40357
2014,65,3402605,42483
2014,66,3375647,45515
2014,67,3520820,49563
2014,68,2598427,41939
2014,69,2558922,43334
2014,70,2474260,47141
2014,71,2536067,51823
2014,72,2205817,49968
2014,73,2011799,49514
2014,74,1898489,50261
2014,75,1770666,52656
2014,76,1695320,54585
2014,77,1558438,55707
2014,78,1481072,58174
2014,79,1414176,60950
2014,80,1257222,61601
2014,81,1212819,65248
2014,82,1148820,68593
2014,83,1083664,71613
2014,84,1027009,75377
2014,85,915627,75170
2014,86,844638,77478
2014,87,759128,78051
2014,88,663790,76060
2014,89,588338,74780
2014,90,501041,71973
2014,91,415808,66551
2014,92,343749,61854
2014,93,276243,54506
2014,94,209463,45482
2014,95,149124,35490
2014,96,114264,30013
2014,97,78290,22852
2014,98,55408,17388
2014,99,38185,12664
2014,100,63763,25914
2015,0,3961057,23455
2015,1,3961570,1591
2015,2,3954157,1007
2015,3,3959308,778
2015,4,4002222,589
2015,5,3996075,543
2015,6,3996366,516
2015,7,4134291,448
2015,8,4157570,464
2015,9,4131622,431
2015,10,4169197,441
2015,11,4216960,464
2015,12,4187888,518
2015,13,4159179,685
2015,14,4250257,901
2015,15,4316079,1091
2015,16,4255074,1474
2015,17,4258981,1978
2015,18,4322912,2584
2015,19,4443987,3059
2015,20,4521208,3366
2015,21,4576056,3844
2015,22,4577276,4155
2015,23,4635966,4339
2015,24,4691447,4604
2015,25,4652247,4756
2015,26,4443987,4556
2015,27,4334637,4739
2015,28,4247868,4750
2015,29,4272448,5097
2015,30,4334182,5107
2015,31,4225596,5216
2015,32,4311177,5586
2015,33,4325897,5758
2015,34,4289710,5952
2015,35,4357150,6090
2015,36,4099193,6192
2015,37,4019316,6221
2015,38,3972095,6445
2015,39,3865818,6469
2015,40,3949998,6884
2015,41,3859814,7380
2015,42,3912237,8115
2015,43,4090669,8889
2015,44,4325496,10403
2015,45,4344950,11021
2015,46,4139462,11790
2015,47,4062776,12298
2015,48,4067303,13736
2015,49,4157712,15532
2015,50,4367692,17818
2015,51,4489455,20016
2015,52,4484782,21940
2015,53,4481600,24006
2015,54,4549567,26337
2015,55,4556660,28045
2015,56,4420146,30058
2015,57,4402342,32277
2015,58,4354441,33972
2015,59,4196199,35237
2015,60,4122175,36716
2015,61,3985927,38234
2015,62,3838171,39710
2015,63,3689507,41518
2015,64,3573815,42018
2015,65,3474880,43483
2015,66,3378463,45670
2015,67,3343867,48530
2015,68,3481522,52702
2015,69,2562326,45097
2015,70,2502723,46843
2015,71,2437917,50803
2015,72,2483849,55719
2015,73,2157195,53435
2015,74,1963216,52734
2015,75,1833869,54414
2015,76,1721723,56057
2015,77,1639764,58627
2015,78,1499059,59218
2015,79,1420660,62089
2015,80,1341873,65302
2015,81,1196693,65249
2015,82,1143030,69053
2015,83,1074461,72140
2015,84,1004411,75417
2015,85,945909,77552
2015,86,833240,77703
2015,87,760908,80152
2015,88,675999,79067
2015,89,583544,76273
2015,90,508923,74664
2015,91,426875,69645
2015,92,348159,63052
2015,93,281791,57440
2015,94,222125,48995
2015,95,163471,40328
2015,96,114504,30693
2015,97,85617,24717
2015,98,56234,18506
2015,99,39232,13384
2015,100,66206,27530
2016,0,3935709,23161
2016,1,3988766,1568
2016,2,3976337,1046
2016,3,3964577,791
2016,4,3967753,640
2016,5,4008597,546
2016,6,4005990,488
2016,7,4017527,511
2016,8,4149924,483
2016,9,4178879,462
2016,10,4205307,465
2016,11,4240229,506
2016,12,4250624,534
2016,13,4206143,645
2016,14,4175040,863
2016,15,4280121,1170
2016,16,4356985,1580
2016,17,4289945,2055
2016,18,4353112,2816
2016,19,4468867,3191
2016,20,4480881,3503
2016,21,4536429,4182
2016,22,4547130,4382
2016,23,4542967,4722
2016,24,4629710,4974
2016,25,4677612,5303
2016,26,4637593,5274
2016,27,4447660,5463
2016,28,4326540,5594
2016,29,4260797,5419
2016,30,4309799,5685
2016,31,4374473,5918
2016,32,4262321,6124
2016,33,4345801,6241
2016,34,4355063,6595
2016,35,4285881,6786
2016,36,4383191,7025
2016,37,4110203,7001
2016,38,4021201,7173
2016,39,3991790,7292
2016,40,3832184,7336
2016,41,3990202,7790
2016,42,3856940,8088
2016,43,3915601,9203
2016,44,4091333,10098
2016,45,4282133,11486
2016,46,4362108,12359
2016,47,4143869,12731
2016,48,4055533,13766
2016,49,4075983,15243
2016,50,4104593,17000
2016,51,4398732,19217
2016,52,4476597,21811
2016,53,4478591,23890
2016,54,4482857,26013
2016,55,4497048,28547
2016,56,4556280,30214
2016,57,4411032,32470
2016,58,4384319,34271
2016,59,4330493,36644
2016,60,4126692,37767
2016,61,4131756,39615
2016,62,3964223,41181
2016,63,3812434,42032
2016,64,3658785,43704
2016,65,3525403,44690
2016,66,3453022,45693
2016,67,3348127,48292
2016,68,3306659,51462
2016,69,3433089,56518
2016,70,2502938,47247
2016,71,2469560,49651
2016,72,2388681,53448
2016,73,2431013,58670
2016,74,2107091,56409
2016,75,1895466,56464
2016,76,1786440,56578
2016,77,1667533,59044
2016,78,1579241,60728
2016,79,1440267,62081
2016,80,1348609,64987
2016,81,1280772,67240
2016,82,1129517,67120
2016,83,1071468,69758
2016,84,998098,72916
2016,85,927625,75917
2016,86,863400,77517
2016,87,753082,77022
2016,88,679958,77730
2016,89,596872,76293
2016,90,506610,72803
2016,91,435728,69456
2016,92,359226,63259
2016,93,287413,55982
2016,94,227569,49271
2016,95,174850,41222
2016,96,125590,32964
2016,97,86754,24386
2016,98,62229,19210
2016,99,39984,13594
2016,100,69257,27836
2017,0,3850940,22335
2017,1,3964668,1517
2017,2,4002084,992
2017,3,3985107,773
2017,4,3971766,598
2017,5,3973165,511
2017,6,4018473,455
2017,7,4028729,486
2017,8,4033270,454
2017,9,4172533,448
2017,10,4262841,494
2017,11,4284040,522
2017,12,4273490,601
2017,13,4265419,702
2017,14,4218355,898
2017,15,4203218,1219
2017,16,4320226,1681
2017,17,4389449,1962
2017,18,4390510,2762
2017,19,4512189,3262
2017,20,4496160,3537
2017,21,4483520,3892
2017,22,4488543,4202
2017,23,4494181,4594
2017,24,4526161,4914
2017,25,4603797,5264
2017,26,4652545,5515
2017,27,4634414,5812
2017,28,4431309,5915
2017,29,4336558,5770
2017,30,4299929,5819
2017,31,4352794,6160
2017,32,4413367,6460
2017,33,4297542,6619
2017,34,4374970,6881
2017,35,4345292,7046
2017,36,4312242,7269
2017,37,4393015,7582
2017,38,4108559,7350
2017,39,4040773,7654
2017,40,3947468,7972
2017,41,3876421,8001
2017,42,3984264,8513
2017,43,3859810,8900
2017,44,3915545,9509
2017,45,4043239,11010
2017,46,4302629,12543
2017,47,4367424,13533
2017,48,4135243,13891
2017,49,4066125,14721
2017,50,4015870,16425
2017,51,4140836,18497
2017,52,4385835,20726
2017,53,4471424,23291
2017,54,4482210,25505
2017,55,4424385,27960
2017,56,4499594,30256
2017,57,4549034,32705
2017,58,4392827,34408
2017,59,4358972,36769
2017,60,4249957,39052
2017,61,4142023,40211
2017,62,4109564,41855
2017,63,3937014,43813
2017,64,3779626,44977
2017,65,3605215,46147
2017,66,3504186,46866
2017,67,3422495,48644
2017,68,3310449,51393
2017,69,3258984,55037
2017,70,3348638,60062
2017,71,2470296,50657
2017,72,2418472,52985
2017,73,2336859,57047
2017,74,2373794,62772
2017,75,2030422,59741
2017,76,1846953,59324
2017,77,1729847,60470
2017,78,1604789,62698
2017,79,1516854,65265
2017,80,1364994,66019
2017,81,1287425,68230
2017,82,1208155,71274
2017,83,1057479,70855
2017,84,994329,73883
2017,85,921203,75641
2017,86,845513,78206
2017,87,779568,79435
2017,88,672000,77750
2017,89,599415,77089
2017,90,517271,75009
2017,91,432581,69853
2017,92,365808,65853
2017,93,295546,58165
2017,94,231731,50563
2017,95,177839,43790
2017,96,134242,35406
2017,97,93853,27381
2017,98,62878,19680
2017,99,44307,14851
2017,100,70957,29363
2018,0,3791426,21467
2018,1,3878678,1448
2018,2,3974960,1047
2018,3,4007501,745
2018,4,3989014,590
2018,5,3973801,524
2018,6,3980620,460
2018,7,4041047,419
2018,8,4043321,457
2018,9,4055372,470
2018,10,4264691,471
2018,11,4348606,494
2018,12,4315932,589
2018,13,4283977,676
2018,14,4273041,890
2018,15,4244101,1186
2018,16,4241354,1493
2018,17,4348175,2028
2018,18,4495599,2701
2018,19,4560065,2972
2018,20,4528746,3273
2018,21,4485299,3721
2018,22,4415692,3960
2018,23,4416801,4252
2018,24,4464610,4568
2018,25,4487573,4844
2018,26,4566685,5230
2018,27,4640189,5699
2018,28,4605597,5829
2018,29,4435349,5859
2018,30,4374774,6100
2018,31,4341894,5959
2018,32,4390091,6299
2018,33,4446834,6478
2018,34,4323358,6547
2018,35,4356999,7090
2018,36,4370702,7205
2018,37,4318295,7463
2018,38,4385693,7835
2018,39,4127171,8024
2018,40,3985695,7907
2018,41,3996706,8185
2018,42,3866633,8293
2018,43,3984710,8902
2018,44,3857321,9476
2018,45,3861435,10509
2018,46,4064915,11925
2018,47,4307893,13249
2018,48,4356810,14182
2018,49,4147269,15008
2018,50,3997668,15823
2018,51,4057842,17543
2018,52,4127339,19504
2018,53,4381829,22113
2018,54,4477065,24981
2018,55,4416995,27310
2018,56,4429290,29857
2018,57,4492720,32543
2018,58,4529995,34611
2018,59,4366164,36642
2018,60,4268866,38701
2018,61,4271563,41292
2018,62,4119109,42834
2018,63,4080590,45095
2018,64,3901954,45951
2018,65,3720076,47257
2018,66,3583898,48642
2018,67,3472235,49857
2018,68,3383512,51107
2018,69,3261574,54383
2018,70,3173103,58141
2018,71,3307751,63825
2018,72,2417609,53943
2018,73,2365717,56033
2018,74,2281392,60590
2018,75,2283796,66524
2018,76,1979471,63365
2018,77,1788421,63017
2018,78,1664326,63188
2018,79,1541258,65651
2018,80,1435871,67987
2018,81,1304019,68584
2018,82,1214100,71290
2018,83,1131158,73173
2018,84,980603,72426
2018,85,918110,75023
2018,86,839406,76643
2018,87,763087,77989
2018,88,695705,79099
2018,89,592326,76362
2018,90,519067,74794
2018,91,441694,70835
2018,92,362723,64200
2018,93,300806,58805
2018,94,237974,51435
2018,95,181104,43573
2018,96,135919,36338
2018,97,100856,28908
2018,98,66824,21307
2018,99,45020,14720
2018,100,74708,30249
2019,0,3722985,20921
2019,1,3820923,1474
2019,2,3887837,916
2019,3,3978241,710
2019,4,4008770,576
2019,5,3988157,536
2019,6,3979099,490
2019,7,4002675,439
2019,8,4053965,435
2019,9,4064124,433
2019,10,4151815,480
2019,11,4355360,536
2019,12,4378200,601
2019,13,4321072,687
2019,14,4286239,860
2019,15,4296064,1137
2019,16,4280937,1485
2019,17,4266016,1886
2019,18,4459067,2732
2019,19,4680665,3018
2019,20,4569906,3313
2019,21,4507985,3821
2019,22,4402203,3882
2019,23,4331388,4146
2019,24,4380527,4351
2019,25,4418553,4752
2019,26,4443642,5086
2019,27,4550237,5383
2019,28,4604921,5757
2019,29,4607392,5991
2019,30,4476294,6183
2019,31,4419195,6225
2019,32,4380395,6263
2019,33,4423887,6683
2019,34,4472476,6855
2019,35,4299193,6998
2019,36,4381793,7326
2019,37,4374066,7692
2019,38,4306999,8177
2019,39,4404677,8445
2019,40,4060691,8639
2019,41,4039495,8456
2019,42,3982757,8791
2019,43,3865641,8928
2019,44,3980494,9534
2019,45,3796010,10170
2019,46,3884675,11198
2019,47,4070384,12579
2019,48,4295772,14385
2019,49,4371295,15407
2019,50,4069044,16151
2019,51,4046143,17198
2019,52,4043567,18788
2019,53,4123642,20593
2019,54,4389143,23924
2019,55,4405325,26793
2019,56,4424628,28966
2019,57,4423744,31658
2019,58,4473689,34347
2019,59,4502081,36689
2019,60,4268165,38690
2019,61,4297852,41522
2019,62,4248150,43975
2019,63,4089443,45361
2019,64,4043798,46936
2019,65,3837171,48159
2019,66,3700225,49560
2019,67,3551746,50719
2019,68,3432576,52212
2019,69,3332882,53762
2019,70,3171294,57343
2019,71,3137079,61396
2019,72,3237657,67130
2019,73,2364631,56853
2019,74,2310496,58425
2019,75,2192602,63147
2019,76,2229146,69019
2019,77,1917686,65894
2019,78,1721151,65124
2019,79,1599681,66309
2019,80,1458165,68349
2019,81,1373941,70621
2019,82,1230683,71124
2019,83,1137753,73524
2019,84,1049887,74916
2019,85,906442,73207
2019,86,837920,75293
2019,87,758728,76921
2019,88,682105,76891
2019,89,614672,76604
2019,90,513878,72782
2019,91,444266,69883
2019,92,371467,64861
2019,93,298842,58116
2019,94,243009,51841
2019,95,186327,43876
2019,96,139069,36034
2019,97,102134,28978
2019,98,72400,22195
2019,99,47198,15533
2019,100,78244,30731
2020,0,3691723,19582
2020,1,3750601,1364
2020,2,3826776,889
2020,3,3888055,725
2020,4,3976772,551
2020,5,4005096,516
2020,6,3991809,450
2020,7,4001739,441
2020,8,4015045,405
2020,9,4075107,398
2020,10,4169406,456
2020,11,4246735,526
2020,12,4383961,617
2020,13,4379402,800
2020,14,4318919,1014
2020,15,4306761,1332
2020,16,4331506,1793
2020,17,4300534,2229
2020,18,4378169,3159
2020,19,4653347,3765
2020,20,4681521,3983
2020,21,4537076,4576
2020,22,4405909,4685
2020,23,4300830,5032
2020,24,4285601,5262
2020,25,4325187,5706
2020,26,4366117,5962
2020,27,4422550,6533
2020,28,4509105,6970
2020,29,4604744,7525
2020,30,4652848,7906
2020,31,4524680,7944
2020,32,4460347,8049
2020,33,4415515,8345
2020,34,4449946,8546
2020,35,4442954,8785
2020,36,4325805,9051
2020,37,4384482,9771
2020,38,4360630,9872
2020,39,4327425,10602
2020,40,4325608,10945
2020,41,4122291,11118
2020,42,4023765,10991
2020,43,3981542,11538
2020,44,3861283,11817
2020,45,3910994,12743
2020,46,3822978,13429
2020,47,3891742,14763
2020,48,4059006,16683
2020,49,4312989,18813
2020,50,4280988,20160
2020,51,4125792,20976
2020,52,4031490,22399
2020,53,4040864,24222
2020,54,4132662,26954
2020,55,4312231,30507
2020,56,4415700,33814
2020,57,4419964,36561
2020,58,4404280,39240
2020,59,4444574,43106
2020,60,4391557,46304
2020,61,4302753,48871
2020,62,4273638,51325
2020,63,4216457,54811
2020,64,4050214,56010
2020,65,3971255,58027
2020,66,3816871,59907
2020,67,3665530,61164
2020,68,3508712,62889
2020,69,3378002,64401
2020,70,3233073,67279
2020,71,3134353,71049
2020,72,3065307,76103
2020,73,3162555,82553
2020,74,2305216,71135
2020,75,2213791,72225
2020,76,2137717,78100
2020,77,2155510,85310
2020,78,1840717,82048
2020,79,1650210,80508
2020,80,1507667,81661
2020,81,1392011,83337
2020,82,1292043,85630
2020,83,1148623,85649
2020,84,1050962,87616
2020,85,966105,89658
2020,86,822176,86428
2020,87,752928,87456
2020,88,673521,88017
2020,89,597896,87692
2020,90,528491,85205
2020,91,435496,79355
2020,92,369474,74460
2020,93,302407,67957
2020,94,237865,58709
2020,95,187290,50701
2020,96,140502,42141
2020,97,102874,33368
2020,98,71153,25839
2020,99,50624,19187
2020,100,79080,36632
2021,0,3572165,19920
2021,1,3697247,1490
2021,2,3756935,960
2021,3,3832978,737
2021,4,3894042,629
2021,5,3982515,540
2021,6,4010593,517
2021,7,3997065,470
2021,8,4006869,437
2021,9,4020066,442
2021,10,4079899,494
2021,11,4174119,523
2021,12,4251285,603
2021,13,4388243,855
2021,14,4383705,1094
2021,15,4323562,1405
2021,16,4311859,1944
2021,17,4337844,2594
2021,18,4307633,3471
2021,19,4384474,3993
2021,20,4658564,4263
2021,21,4685525,4778
2021,22,4542160,5066
2021,23,4412158,5212
2021,24,4307794,5581
2021,25,4292420,6028
2021,26,4331733,6477
2021,27,4372373,6961
2021,28,4427647,7525
2021,29,4513160,8204
2021,30,4608103,8746
2021,31,4654862,9187
2021,32,4526343,9477
2021,33,4460665,9727
2021,34,4415074,9942
2021,35,4448210,10459
2021,36,4440159,10777
2021,37,4322361,10989
2021,38,4379863,11785
2021,39,4354778,12393
2021,40,4320584,12868
2021,41,4317608,13430
2021,42,4113713,13741
2021,43,4015267,14013
2021,44,3972331,14484
2021,45,3851297,14688
2021,46,3899633,16035
2021,47,3810502,16611
2021,48,3877568,18350
2021,49,4042660,20460
2021,50,4293737,23482
2021,51,4260472,24506
2021,52,4104323,25787
2021,53,4008471,26940
2021,54,4015778,29178
2021,55,4104683,32093
2021,56,4280358,36286
2021,57,4380463,39713
2021,58,4381528,43036
2021,59,4362599,46480
2021,60,4399164,50028
2021,61,4343170,53114
2021,62,4251638,56107
2021,63,4219071,59156
2021,64,4158738,62158
2021,65,3991717,63017
2021,66,3910508,64542
2021,67,3754519,66260
2021,68,3601476,67828
2021,69,3442703,69337
2021,70,3310312,71438
2021,71,3162119,73244
2021,72,3059654,76986
2021,73,2985237,82282
2021,74,3073559,89332
2021,75,2232858,75408
2021,76,2138495,76850
2021,77,2057589,82078
2021,78,2066779,89267
2021,79,1756828,85264
2021,80,1567101,83293
2021,81,1423331,83194
2021,82,1304871,84204
2021,83,1201974,85763
2021,84,1059406,84332
2021,85,960586,85402
2021,86,874583,85647
2021,87,736012,82347
2021,88,666774,81399
2021,89,588556,80105
2021,90,515175,78350
2021,91,448559,74304
2021,92,363436,67808
2021,93,302898,61964
2021,94,243210,54499
2021,95,187030,46243
2021,96,144205,38138
2021,97,105474,30531
2021,98,75311,23085
2021,99,50319,17462
2021,100,84596,33496
2022,0,3680529,20553
2022,1,3602579,1614
2022,2,3727216,1055
2022,3,3786311,841
2022,4,3861295,646
2022,5,3920724,624
2022,6,4007736,532
2022,7,4034563,461
2022,8,4020380,486
2022,9,4029435,464
2022,10,4041578,486
2022,11,4101239,556
2022,12,4194938,654
2022,13,4271229,827
2022,14,4408204,1149
2022,15,4405398,1460
2022,16,4348604,1916
2022,17,4342739,2547
2022,18,4375317,3231
2022,19,4346892,3591
2022,20,4419828,3891
2022,21,4696233,4261
2022,22,4726970,4534
2022,23,4585397,4797
2022,24,4456076,5004
2022,25,4353392,5391
2022,26,4338487,5747
2022,27,4375593,6190
2022,28,4414853,6588
2022,29,4469745,7379
2022,30,4553168,7792
2022,31,4645753,8270
2022,32,4689620,8849
2022,33,4558253,9092
2022,34,4489285,9071
2022,35,4440315,9127
2022,36,4470431,9818
2022,37,4459504,10185
2022,38,4339258,10270
2022,39,4393975,11072
2022,40,4365463,11516
2022,41,4328323,11991
2022,42,4323248,12296
2022,43,4117404,12466
2022,44,4017154,12864
2022,45,3972347,13171
2022,46,3849943,13345
2022,47,3895394,14614
2022,48,3804700,15299
2022,49,3869479,16714
2022,50,4031103,18716
2022,51,4278130,21026
2022,52,4243283,22443
2022,53,4085559,23236
2022,54,3988507,24720
2022,55,3992810,27228
2022,56,4078130,29685
2022,57,4249305,33518
2022,58,4344899,37386
2022,59,4342221,40506
2022,60,4319821,43815
2022,61,4353034,46885
2022,62,4293654,49887
2022,63,4198827,52752
2022,64,4163124,55879
2022,65,4100003,58249
2022,66,3931846,59347
2022,67,3849080,60884
2022,68,3690959,62938
2022,69,3535843,64747
2022,70,3376206,67115
2022,71,3243410,68652
2022,72,3092130,70842
2022,73,2985300,75165
2022,74,2905027,80642
2022,75,2983984,87880
2022,76,2160324,74108
2022,77,2062909,75870
2022,78,1976973,81796
2022,79,1977095,87938
2022,80,1672055,84514
2022,81,1483210,82208
2022,82,1338298,81883
2022,83,1217554,83785
2022,84,1112531,84921
2022,85,971824,83686
2022,86,872894,83718
2022,87,786705,83379
2022,88,654243,79540
2022,89,585988,78111
2022,90,509946,76144
2022,91,439736,72656
2022,92,376867,68165
2022,93,300009,60645
2022,94,245401,54406
2022,95,193141,46760
2022,96,145004,38216
2022,97,109474,30879
2022,98,78008,23967
2022,99,54317,17574
2022,100,89106,35445
2023,0,3653453,20145
2023,1,3719819,1591
2023,2,3642279,1046
2023,3,3766965,802
2023,4,3824021,620
2023,5,3897067,606
2023,6,3955098,498
2023,7,4040453,470
2023,8,4065958,457
2023,9,4051236,471
2023,10,4058149,455
2023,11,4069137,535
2023,12,4128266,603
2023,13,4221225,813
2023,14,4298088,1097
2023,15,4436199,1547
2023,16,4437134,2042
2023,17,4388584,2497
2023,18,4391967,3165
2023,19,4426623,3526
2023,20,4396869,3631
2023,21,4472038,3977
2023,22,4753870,4257
2023,23,4789203,4413
2023,24,4648745,4656
2023,25,4519119,4866
2023,26,4415247,5124
2023,27,4399096,5500
2023,28,4435470,5939
2023,29,4473647,6346
2023,30,4526487,6973
2023,31,4607395,7556
2023,32,4697241,8025
2023,33,4737984,8548
2023,34,4603400,8572
2023,35,4529898,8826
2023,36,4477617,8825
2023,37,4503669,9513
2023,38,4488511,9775
2023,39,4365548,10044
2023,40,4416286,10873
2023,41,4383582,11152
2023,42,4343474,11667
2023,43,4336260,12168
2023,44,4127804,12493
2023,45,4025269,12637
2023,46,3978854,12939
2023,47,3854468,13098
2023,48,3897187,13779
2023,49,3804750,14818
2023,50,3866681,16013
2023,51,4024962,18102
2023,52,4268266,20470
2023,53,4230832,22033
2023,54,4072391,22884
2023,55,3973898,24035
2023,56,3975716,26146
2023,57,4057201,29499
2023,58,4223604,32802
2023,59,4315472,36118
2023,60,4309671,39474
2023,61,4283796,42617
2023,62,4313415,46064
2023,63,4250615,48920
2023,64,4152667,50859
2023,65,4114440,53608
2023,66,4048779,56358
2023,67,3879343,57604
2023,68,3794177,59664
2023,69,3633718,61762
2023,70,3477134,62856
2023,71,3315086,65466
2023,72,3179544,67214
2023,73,3025001,69426
2023,74,2913811,73722
2023,75,2827736,78591
2023,76,2897341,85867
2023,77,2090523,71981
2023,78,1990084,73534
2023,79,1899144,79818
2023,80,1890614,86666
2023,81,1590461,81986
2023,82,1402190,80299
2023,83,1256593,79183
2023,84,1134561,80263
2023,85,1028478,81382
2023,86,890511,79090
2023,87,792363,78548
2023,88,706813,78107
2023,89,580816,72792
2023,90,514267,70981
2023,91,441018,68189
2023,92,374673,64033
2023,93,316060,58305
2023,94,247202,50526
2023,95,198471,43838
2023,96,153145,36506
2023,97,112260,29372
2023,98,83080,22845
2023,99,57679,16803
2023,100,98040,33687
2024,0,3617221,20050
2024,1,3700305,1461
2024,2,3766783,964
2024,3,3689270,777
2024,4,3811156,641
2024,5,3866199,612
2024,6,3938295,514
2024,7,3994511,485
2024,8,4077472,460
2024,9,4102138,461
2024,10,4086091,478
2024,11,4091663,536
2024,12,4101411,627
2024,13,4159743,790
2024,14,4253364,977
2024,15,4332278,1330
2024,16,4475114,1783
2024,17,4485865,2274
2024,18,4447882,2799
2024,19,4452930,3220
2024,20,4485626,3342
2024,21,4462160,3558
2024,22,4545285,3813
2024,23,4831978,3942
2024,24,4869332,3892
2024,25,4728379,4185
2024,26,4595794,4515
2024,27,4491577,4596
2024,28,4476138,4888
2024,29,4510254,5347
2024,30,4545085,5868
2024,31,4594124,6383
2024,32,4671312,6766
2024,33,4757860,7375
2024,34,4794528,7904
2024,35,4655460,8082
2024,36,4577885,8245
2024,37,4521041,8610
2024,38,4542429,8829
2024,39,4523696,9274
2024,40,4396672,9830
2024,41,4442542,10268
2024,42,4406001,10863
2024,43,4362990,11478
2024,44,4351732,11951
2024,45,4141396,12124
2024,46,4037422,12540
2024,47,3987871,12719
2024,48,3861348,12997
2024,49,3901868,13914
2024,50,3806301,15063
2024,51,3864609,16689
2024,52,4019194,18687
2024,53,4258738,21101
2024,54,4219466,21936
2024,55,4060066,23204
2024,56,3959937,24600
2024,57,3958675,26717
2024,58,4035958,29915
2024,59,4198410,33698
2024,60,4286803,37408
2024,61,4276961,40611
2024,62,4247324,43898
2024,63,4272636,47730
2024,64,4206662,50415
2024,65,4106689,52705
2024,66,4065675,55302
2024,67,3996807,58358
2024,68,3825460,59714
2024,69,3737650,61708
2024,70,3576160,64467
2024,71,3417857,66062
2024,72,3252717,68302
2024,73,3113928,69644
2024,74,2956163,72154
2024,75,2840686,77061
2024,76,2748536,82540
2024,77,2808480,89394
2024,78,2018936,75524
2024,79,1915295,77377
2024,80,1819404,82979
2024,81,1802010,90239
2024,82,1506765,84924
2024,83,1319820,81564
2024,84,1174606,81342
2024,85,1052120,81902
2024,86,945991,81770
2024,87,811605,79146
2024,88,714958,78513
2024,89,630870,75829
2024,90,511852,70261
2024,91,447827,67252
2024,92,378237,62981
2024,93,316329,57756
2024,94,262437,50986
2024,95,201585,43187
2024,96,158786,36933
2024,97,120051,29169
2024,98,85828,22762
2024,99,62326,16991
2024,100,108135,34803
2025,0,3618898,19132
2025,1,3642657,1331
2025,2,3725891,905
2025,3,3791993,694
2025,4,3712428,582
2025,5,3833003,537
2025,6,3887513,492
2025,7,3958385,434
2025,8,4013109,472
2025,9,4095711,462
2025,10,4119512,468
2025,11,4102351,483
2025,12,4106943,635
2025,13,4116277,710
2025,14,4175022,949
2025,15,4269990,1244
2025,16,4351721,1679
2025,17,4499944,2105
2025,18,4515570,2739
2025,19,4478055,3031
2025,20,4480764,3050
2025,21,4515485,3403
2025,22,4496120,3466
2025,23,4581501,3477
2025,24,4869364,3523
2025,25,4906967,3859
2025,26,4764474,3990
2025,27,4631555,4229
2025,28,4527973,4373
2025,29,4511396,4691
2025,30,4543064,5132
2025,31,4575753,5633
2025,32,4622744,5901
2025,33,4697801,6660
2025,34,4782320,7194
2025,35,4815592,7641
2025,36,4673999,7797
2025,37,4593584,8037
2025,38,4534325,8383
2025,39,4553803,8854
2025,40,4532076,9293
2025,41,4402175,9670
2025,42,4445939,10401
2025,43,4407374,10925
2025,44,4362148,11522
2025,45,4349504,12007
2025,46,4138567,12333
2025,47,4032710,12699
2025,48,3981371,13289
2025,49,3853950,13477
2025,50,3891961,14793
2025,51,3794286,15641
2025,52,3850572,17062
2025,53,4002417,19457
2025,54,4239446,21868
2025,55,4198956,23205
2025,56,4038266,24325
2025,57,3936645,25670
2025,58,3932339,28325
2025,59,4006693,31075
2025,60,4165059,35604
2025,61,4249243,39332
2025,62,4235851,43134
2025,63,4202552,46754
2025,64,4224112,49886
2025,65,4155651,52962
2025,66,4053717,55464
2025,67,4009421,58385
2025,68,3937544,61244
2025,69,3765126,62452
2025,70,3676071,65056
2025,71,3513126,67470
2025,72,3351950,69582
2025,73,3183604,72280
2025,74,3041941,74289
2025,75,2880970,76682
2025,76,2760961,80879
2025,77,2662822,86966
2025,78,2712909,95185
2025,79,1941929,78878
2025,80,1835073,81587
2025,81,1733996,86494
2025,82,1707298,93967
2025,83,1418183,87998
2025,84,1233760,84932
2025,85,1089965,83032
2025,86,968175,82908
2025,87,862937,82515
2025,88,732973,78953
2025,89,638772,76395
2025,90,557041,73961
2025,91,445826,66103
2025,92,385176,62228
2025,93,320003,57152
2025,94,263215,51384
2025,95,214551,44191
2025,96,161685,36279
2025,97,124803,29757
2025,98,92407,22819
2025,99,64325,16920
2025,100,119182,35645
2026,0,3668362.29349161,
2026,1,3681625.43165058,
2026,2,3708582.50109058,
2026,3,3736409.248179,
2026,4,3799963.11840906,
2026,5,3690674.85574697,
2026,6,3777014.38876075,
2026,7,3810318.5374888,
2026,8,3888252.86408445,
2026,9,3962453.35269226,
2026,10,4084315.0689693,
2026,11,4122834.30710771,
2026,12,4124618.45761777,
2026,13,4117344.53231553,
2026,14,4112017.85614259,
2026,15,4133278.95521393,
2026,16,4227575.32517453,
2026,17,4343662.3002713,
2026,18,4555068.36812127,
2026,19,4554314.72337263,
2026,20,4492057.71852074,
2026,21,4393434.60084733,
2026,22,4429276.37442944,
2026,23,4490079.98579208,
2026,24,4679511.79063862,
2026,25,4930966.42885203,
2026,26,4817139.74639679,
2026,27,4618526.03517446,
2026,28,4500275.48310781,
2026,29,4405048.33414876,
2026,30,4393343.81690287,
2026,31,4437361.45720688,
2026,32,4538076.79416879,
2026,33,4625148.70745939,
2026,34,4718595.32958836,
2026,35,4787150.0432574,
2026,36,4793936.92878457,
2026,37,4671835.49843152,
2026,38,4568998.03363951,
2026,39,4479728.03265467,
2026,40,4466040.82424611,
2026,41,4430084.95993487,
2026,42,4353426.52721474,
2026,43,4422830.36242717,
2026,44,4380247.96957358,
2026,45,4306088.40471782,
2026,46,4289791.29521003,
2026,47,4123196.30317829,
2026,48,4025267.38071865,
2026,49,3949880.09383165,
2026,50,3823430.21880668,
2026,51,3835386.79702759,
2026,52,3763262.09019462,
2026,53,3833861.9691193,
2026,54,4014892.17407175,
2026,55,4237225.3217849,
2026,56,4158367.61995205,
2026,57,4025135.72059564,
2026,58,3945803.9488715,
2026,59,3948920.03048931,
2026,60,3994306.24083692,
2026,61,4102713.63372474,
2026,62,4228904.90229535,
2026,63,4236044.02015069,
2026,64,4225243.88604189,
2026,65,4205614.9687583,
2026,66,4131423.20151169,
2026,67,4056683.90804022,
2026,68,4017326.39953253,
2026,69,3906494.37889308,
2026,70,3716295.50879478,
2026,71,3584783.37861483,
2026,72,3470149.54777952,
2026,73,3304460.36792655,
2026,74,3137637.08575399,
2026,75,2953854.88709319,
2026,76,2730641.99716037,
2026,77,2694490.89598528,
2026,78,2600373.35700413,
2026,79,2671263.48327052,
2026,80,1856097.29834757,
2026,81,1735494.01003603,
2026,82,1640269.66695442,
2026,83,1600711.6916808,
2026,84,1314894.99201,
2026,85,1127712.44119884,
2026,86,985464.422365744,
2026,87,866890.749563317,
2026,88,756327.440553377,
2026,89,630029.153865113,
2026,90,547739.736259305,
2026,91,478815.928338848,
2026,92,385103.251237745,
2026,93,331117.504000199,
2026,94,269755.599215603,
2026,95,217560.818741662,
2026,96,172235.538047804,
2026,97,128494.159354159,
2026,98,97131.7340889069,
2026,99,69661.9224980286,
2026,100,112915.139887757,
2027,0,3672608.00632882,
2027,1,3686307.51616279,
2027,2,3713701.82621977,
2027,3,3742490.11110958,
2027,4,3757230.77334929,
2027,5,3796708.58152651,
2027,6,3684216.15167583,
2027,7,3773131.70740026,
2027,8,3813321.0464655,
2027,9,3897730.47312296,
2027,10,3994254.75929373,
2027,11,4099973.72629499,
2027,12,4148752.55740877,
2027,13,4143106.02846939,
2027,14,4116508.14825595,
2027,15,4100343.62500846,
2027,16,4154328.14784302,
2027,17,4266266.51067531,
2027,18,4402524.69868782,
2027,19,4575280.12996014,
2027,20,4580064.70684264,
2027,21,4448373.89379431,
2027,22,4415678.12470168,
2027,23,4545811.63597934,
2027,24,4559641.25806007,
2027,25,4667444.20346593,
2027,26,4902094.1203583,
2027,27,4823832.11294876,
2027,28,4615541.86486025,
2027,29,4483213.00355309,
2027,30,4418629.7917987,
2027,31,4401146.15619432,
2027,32,4483970.40438996,
2027,33,4586072.561005,
2027,34,4644312.21057321,
2027,35,4744941.27936544,
2027,36,4801428.66403302,
2027,37,4825123.7347614,
2027,38,4668154.82261861,
2027,39,4545901.01546955,
2027,40,4470788.03525618,
2027,41,4441863.10142219,
2027,42,4452823.65523487,
2027,43,4364283.58825163,
2027,44,4388938.47062458,
2027,45,4367340.50226154,
2027,46,4307744.97112071,
2027,47,4296253.34945616,
2027,48,4115713.50204838,
2027,49,3997854.99852901,
2027,50,3953054.48105762,
2027,51,3787175.00665856,
2027,52,3828009.3255341,
2027,53,3776345.30108243,
2027,54,3821161.52449145,
2027,55,3988960.92014596,
2027,56,4208602.38117689,
2027,57,4166228.55684313,
2027,58,4017644.38748691,
2027,59,3920995.0665224,
2027,60,3922567.94472641,
2027,61,3934687.97600888,
2027,62,4113015.7747114,
2027,63,4212722.33767972,
2027,64,4186492.9442507,
2027,65,4187539.03591187,
2027,66,4176488.05044778,
2027,67,4103438.90206362,
2027,68,4018402.13831232,
2027,69,3942149.40524372,
2027,70,3851621.21997415,
2027,71,3631255.36380232,
2027,72,3555794.5290011,
2027,73,3405256.72120291,
2027,74,3214852.66564063,
2027,75,3056164.04923171,
2027,76,2816537.87480184,
2027,77,2721513.58184449,
2027,78,2610360.13072717,
2027,79,2487550.97814762,
2027,80,2560355.8172025,
2027,81,1767071.57423851,
2027,82,1644753.15469274,
2027,83,1542103.53363713,
2027,84,1487568.18827799,
2027,85,1212576.74064275,
2027,86,1033969.1339402,
2027,87,892683.32447617,
2027,88,769640.146643931,
2027,89,667196.541761865,
2027,90,557940.951119284,
2027,91,476383.302342794,
2027,92,413578.554305595,
2027,93,331396.929714787,
2027,94,273679.533378314,
2027,95,221269.552655545,
2027,96,175808.501996098,
2027,97,135771.948753949,
2027,98,99274.0622395771,
2027,99,72975.2959851887,
2027,100,118882.924963625,
2028,0,3676261.13033638,
2028,1,3690721.82288952,
2028,2,3718548.14763874,
2028,3,3747766.0194286,
2028,4,3763442.01801449,
2028,5,3755615.34050901,
2028,6,3789526.40856954,
2028,7,3680664.08776627,
2028,8,3776229.12497066,
2028,9,3822933.75577463,
2028,10,3929290.83018783,
2028,11,4009846.30743209,
2028,12,4125933.15172279,
2028,13,4167302.99561292,
2028,14,4142294.47457738,
2028,15,4104953.94835632,
2028,16,4121568.01061578,
2028,17,4193138.44417147,
2028,18,4324915.83391246,
2028,19,4423432.08099564,
2028,20,4601448.04129437,
2028,21,4535203.75450033,
2028,22,4470763.05222549,
2028,23,4532444.57883542,
2028,24,4616170.70163161,
2028,25,4549254.00336727,
2028,26,4642520.56103357,
2028,27,4908536.68830052,
2028,28,4819264.68877805,
2028,29,4597586.25574035,
2028,30,4496712.02328874,
2028,31,4426618.89021275,
2028,32,4448065.04350905,
2028,33,4532093.50879106,
2028,34,4605852.76326243,
2028,35,4671126.80850343,
2028,36,4759717.51715009,
2028,37,4833171.8412064,
2028,38,4821107.82466107,
2028,39,4644686.05466514,
2028,40,4537003.63239365,
2028,41,4447112.43165641,
2028,42,4465099.66395028,
2028,43,4464109.09098553,
2028,44,4331457.50829453,
2028,45,4376437.8860354,
2028,46,4369215.66760143,
2028,47,4314721.39382002,
2028,48,4288234.63372423,
2028,49,4087835.26117396,
2028,50,4001276.6049987,
2028,51,3915734.84589529,
2028,52,3780230.41302389,
2028,53,3841459.58178962,
2028,54,3764262.12257678,
2028,55,3797143.14418021,
2028,56,3962769.69579545,
2028,57,4216854.57282396,
2028,58,4158527.72262605,
2028,59,3992758.17274183,
2028,60,3895269.42564528,
2028,61,3864593.12143587,
2028,62,3945298.07842031,
2028,63,4097959.00798038,
2028,64,4163843.42328372,
2028,65,4149492.23545516,
2028,66,4159143.18503839,
2028,67,4148640.69323766,
2028,68,4065158.17216693,
2028,69,3943627.55686945,
2028,70,3887185.74310642,
2028,71,3763628.50088163,
2028,72,3602459.50135828,
2028,73,3489718.58974809,
2028,74,3313428.92102451,
2028,75,3131660.68023845,
2028,76,2914702.28977706,
2028,77,2807626.01210991,
2028,78,2637016.41647764,
2028,79,2497773.99498097,
2028,80,2385231.87805112,
2028,81,2437259.21486598,
2028,82,1675289.53568675,
2028,83,1546850.53526918,
2028,84,1433692.27858433,
2028,85,1372197.92201453,
2028,86,1112222.959147,
2028,87,937026.701361846,
2028,88,792956.750696161,
2028,89,679282.930997502,
2028,90,591183.074808617,
2028,91,485578.802435857,
2028,92,411697.387454409,
2028,93,356152.670576589,
2028,94,274148.688817604,
2028,95,224685.18325695,
2028,96,178970.59966368,
2028,97,138744.927693928,
2028,98,104993.86080621,
2028,99,74665.1065759249,
2028,100,125031.057992101,
2029,0,3679214.01355372,
2029,1,3694540.17304106,
2029,2,3723123.48759718,
2029,3,3752767.51140276,
2029,4,3768843.76439956,
2029,5,3761907.26447734,
2029,6,3749804.60554242,
2029,7,3785407.05951169,
2029,8,3683938.48060033,
2029,9,3785943.24072685,
2029,10,3854033.92014432,
2029,11,3944878.53533634,
2029,12,4035544.13669577,
2029,13,4144515.42271719,
2029,14,4166464.4170426,
2029,15,4130682.94834296,
2029,16,4126381.35919961,
2029,17,4160486.57459667,
2029,18,4251675.11000678,
2029,19,4346342.12422647,
2029,20,4450181.76739531,
2029,21,4556565.69426011,
2029,22,4557707.73759818,
2029,23,4588799.28280566,
2029,24,4603133.76874143,
2029,25,4605611.73934036,
2029,26,4526290.41628772,
2029,27,4650930.89086073,
2029,28,4903626.52561545,
2029,29,4799126.19657642,
2029,30,4610875.70276991,
2029,31,4504565.57411121,
2029,32,4473934.75678311,
2029,33,4496409.62706639,
2029,34,4552300.76536604,
2029,35,4633137.92362912,
2029,36,4686556.05571185,
2029,37,4791772.55020004,
2029,38,4829609.55298295,
2029,39,4796680.50049937,
2029,40,4635727.54246592,
2029,41,4513149.46049035,
2029,42,4470839.32881172,
2029,43,4476866.10501242,
2029,44,4430677.60674807,
2029,45,4319715.22926807,
2029,46,4378734.92314074,
2029,47,4376503.80915806,
2029,48,4307189.75967423,
2029,49,4259045.65905146,
2029,50,4091541.17697472,
2029,51,3963742.32392336,
2029,52,3908765.60679735,
2029,53,3793884.07855428,
2029,54,3829351.99038083,
2029,55,3741038.9933603,
2029,56,3772879.63476235,
2029,57,3971309.78476918,
2029,58,4209411.22357436,
2029,59,4132856.4674325,
2029,60,3966924.26771956,
2029,61,3838156.35542358,
2029,62,3875597.72862892,
2029,63,3931540.46430079,
2029,64,4051062.59967132,
2029,65,4127475.28464429,
2029,66,4121735.06930764,
2029,67,4132022.96057402,
2029,68,4110414.34822045,
2029,69,3990006.87053517,
2029,70,3889095.71634156,
2029,71,3798894.65645765,
2029,72,3733956.27496762,
2029,73,3536092.85255794,
2029,74,3396045.89727327,
2029,75,3228209.839426,
2029,76,2987122.9217329,
2029,77,2906118.57903745,
2029,78,2721022.50219256,
2029,79,2523823.3749019,
2029,80,2395714.8883683,
2029,81,2271495.75432564,
2029,82,2310504.37014144,
2029,83,1576176.63857567,
2029,84,1438657.34532521,
2029,85,1323110.38306112,
2029,86,1259036.30924532,
2029,87,1008368.94959054,
2029,88,832740.90249591,
2029,89,700278.389635304,
2029,90,602225.347276732,
2029,91,514833.085603173,
2029,92,419945.058708192,
2029,93,354753.574216926,
2029,94,294847.124528987,
2029,95,225279.205970237,
2029,96,181904.656716131,
2029,97,141381.993506494,
2029,98,107417.085168695,
2029,99,79058.218603216,
2029,100,130158.238204116,
2030,0,3681539.09468329,
2030,1,3697660.8915936,
2030,2,3727095.18601856,
2030,3,3757498.65245939,
2030,4,3773973.64155092,
2030,5,3767397.99245356,
2030,6,3756161.02241277,
2030,7,3746781.15416949,
2030,8,3788342.10284759,
2030,9,3693748.53556199,
2030,10,3816944.33828057,
2030,11,3869520.59850617,
2030,12,3970370.12469622,
2030,13,4054090.10731208,
2030,14,4143844.14090106,
2030,15,4154796.4765616,
2030,16,4152254.36498053,
2030,17,4165554.3063726,
2030,18,4218995.54864963,
2030,19,4273662.45519124,
2030,20,4373540.33792106,
2030,21,4408254.85998348,
2030,22,4579322.74633333,
2030,23,4677654.923455,
2030,24,4660156.82474317,
2030,25,4593096.7620024,
2030,26,4582305.06545333,
2030,27,4535745.76490545,
2030,28,4648458.30233228,
2030,29,4882862.55684734,
2030,30,4811653.37690185,
2030,31,4618320.16020083,
2030,32,4552393.11995882,
2030,33,4522652.21882107,
2030,34,4516985.35076918,
2030,35,4579823.42755529,
2030,36,4649006.54030803,
2030,37,4718881.10495427,
2030,38,4788760.20039939,
2030,39,4805543.92255167,
2030,40,4787219.10185096,
2030,41,4611462.01553569,
2030,42,4537363.01805381,
2030,43,4483002.02452757,
2030,44,4443738.58402483,
2030,45,4418780.45685047,
2030,46,4322539.07696613,
2030,47,4386420.50996251,
2030,48,4369038.88718478,
2030,49,4278345.57845874,
2030,50,4262772.01359049,
2030,51,4053349.57119936,
2030,52,3956899.55065712,
2030,53,3923047.47958248,
2030,54,3782293.71449277,
2030,55,3805900.1465334,
2030,56,3717553.21712419,
2030,57,3781652.45787321,
2030,58,3965006.76833881,
2030,59,4183771.60116518,
2030,60,4106211.06513355,
2030,61,3909078.54404809,
2030,62,3849473.08713658,
2030,63,3862632.35813419,
2030,64,3887132.2744644,
2030,65,4016249.30917167,
2030,66,4100254.01868162,
2030,67,4095253.57430827,
2030,68,4094519.14965706,
2030,69,4034916.23313898,
2030,70,3935326.31043806,
2030,71,3801204.83158844,
2030,72,3769535.99449286,
2030,73,3665392.61804737,
2030,74,3441718.51608384,
2030,75,3309142.76224551,
2030,76,3079712.10237788,
2030,77,2978838.68624586,
2030,78,2817105.01366084,
2030,79,2604836.01943181,
2030,80,2421286.01923238,
2030,81,2282169.22378633,
2030,82,2154309.18487815,
2030,83,2173751.82244595,
2030,84,1466542.72323737,
2030,85,1328244.45382458,
2030,86,1214597.30651275,
2030,87,1141887.39064024,
2030,88,896544.804592231,
2030,89,735787.961338884,
2030,90,621247.977418364,
2030,91,524767.354607305,
2030,92,445538.038120489,
2030,93,362132.774426119,
2030,94,293894.183023402,
2030,95,242486.324434752,
2030,96,182560.273484635,
2030,97,143840.759389259,
2030,98,109578.205671564,
2030,99,80971.4915658107,
2030,100,136573.326959052,
