age,year,dead,pop
0,1999,126,3795762
0,2000,152,3805648
0,2001,117,4012658
0,2002,143,3951461
0,2003,137,3975871
0,2004,145,4014258
0,2005,134,4004393
0,2006,141,4041738
0,2007,131,4147997
0,2008,131,4132735
0,2009,136,4003587
0,2010,110,3944153
0,2011,124,3996537
0,2012,117,3943077
0,2013,116,3941783
0,2014,103,3948350
0,2015,100,3978038
0,2016,120,3970145
0,2017,98,3939295
1,1999,94,3785088
1,2000,112,3820582
1,2001,103,3855407
1,2002,111,4004674
1,2003,97,3936139
1,2004,105,3953063
1,2005,98,3987032
1,2006,101,3972124
1,2007,90,4002215
1,2008,102,4100756
1,2009,91,4078797
1,2010,94,3978070
1,2011,96,3969022
1,2012,111,3981523
1,2013,86,3955942
1,2014,89,3962123
1,2015,95,3968564
1,2016,97,3995008
1,2017,83,3975252
2,1999,127,3782635
2,2000,112,3790446
2,2001,125,3800096
2,2002,109,3856114
2,2003,114,4002836
2,2004,99,3933735
2,2005,123,3952632
2,2006,100,3988119
2,2007,119,3973479
2,2008,110,4004146
2,2009,109,4103002
2,2010,96,4096929
2,2011,87,3971760
2,2012,98,3979957
2,2013,96,3989135
2,2014,84,3957772
2,2015,94,3966583
2,2016,99,3992154
2,2017,97,4021775
3,1999,124,3824806
3,2000,135,3832799
3,2001,140,3802710
3,2002,119,3804336
3,2003,105,3860727
3,2004,126,4008220
3,2005,103,3943215
3,2006,121,3966022
3,2007,108,4004011
3,2008,107,3992320
3,2009,103,4025675
3,2010,111,4119040
3,2011,112,4102285
3,2012,116,3982440
3,2013,104,3989538
3,2014,88,4005190
3,2015,112,3974061
3,2016,119,3982074
3,2017,94,4006755
4,1999,136,3947253
4,2000,114,3926323
4,2001,110,3827346
4,2002,123,3812607
4,2003,127,3816873
4,2004,122,3876609
4,2005,105,4030128
4,2006,115,3970880
4,2007,106,3998260
4,2008,121,4041170
4,2009,100,4033457
4,2010,104,4063170
4,2011,103,4122454
4,2012,122,4112347
4,2013,89,3991690
4,2014,98,4003448
4,2015,87,4020035
4,2016,111,3987656
4,2017,95,3995783
5,1999,133,3999762
5,2000,139,3965103
5,2001,109,3910033
5,2002,134,3837187
5,2003,119,3823568
5,2004,123,3829607
5,2005,92,3893128
5,2006,107,4050582
5,2007,106,3993489
5,2008,113,4024297
5,2009,113,4070265
5,2010,99,4056858
5,2011,120,4088149
5,2012,114,4132747
5,2013,103,4121797
5,2014,106,4004858
5,2015,106,4018158
5,2016,102,4032515
5,2017,94,4001318
6,1999,128,4042620
6,2000,107,4019705
6,2001,125,3972508
6,2002,107,3913054
6,2003,111,3837761
6,2004,113,3822089
6,2005,108,3828153
6,2006,108,3891329
6,2007,101,4046402
6,2008,103,3988117
6,2009,102,4018200
6,2010,97,4066381
6,2011,101,4074959
6,2012,77,4098714
6,2013,98,4142191
6,2014,92,4134352
6,2015,116,4019207
6,2016,90,4029655
6,2017,85,4045532
7,1999,99,4163303
7,2000,114,4118147
7,2001,102,4012049
7,2002,121,3982360
7,2003,110,3924182
7,2004,117,3850646
7,2005,122,3838840
7,2006,103,3848758
7,2007,115,3914743
7,2008,110,4073291
7,2009,99,4017024
7,2010,97,4030579
7,2011,91,4083146
7,2012,96,4085964
7,2013,85,4108053
7,2014,85,4154000
7,2015,83,4148360
7,2016,101,4029991
7,2017,103,4042379
8,1999,111,4170706
8,2000,103,4179230
8,2001,100,4099542
8,2002,104,4020970
8,2003,99,3991075
8,2004,103,3933161
8,2005,104,3861877
8,2006,89,3852265
8,2007,101,3863089
8,2008,102,3930544
8,2009,95,4089946
8,2010,97,4046486
8,2011,89,4052957
8,2012,89,4094174
8,2013,92,4095205
8,2014,94,4119524
8,2015,90,4167887
8,2016,99,4159114
8,2017,75,4042838
9,1999,102,4230069
9,2000,88,4267320
9,2001,109,4179230
9,2002,115,4118846
9,2003,115,4044265
9,2004,111,4018734
9,2005,99,3967069
9,2006,90,3901754
9,2007,98,3896888
9,2008,88,3913353
9,2009,108,3987064
9,2010,86,4148353
9,2011,80,4034985
9,2012,111,4063937
9,2013,103,4103335
9,2014,95,4106832
9,2015,81,4133564
9,2016,88,4178524
9,2017,92,4172171
10,1999,110,4148653
10,2000,98,4274056
10,2001,123,4277249
10,2002,111,4243816
10,2003,128,4205042
10,2004,96,4151951
10,2005,83,4150122
10,2006,87,4121105
10,2007,101,4075718
10,2008,87,4093680
10,2009,87,4133090
10,2010,91,4172541
10,2011,83,4134144
10,2012,99,4045719
10,2013,90,4073258
10,2014,77,4115254
10,2015,73,4121289
10,2016,81,4144019
10,2017,105,4191919
11,1999,109,4036182
11,2000,112,4115093
11,2001,99,4344913
11,2002,105,4295720
11,2003,93,4254047
11,2004,89,4207721
11,2005,98,4149228
11,2006,107,4141970
11,2007,96,4106492
11,2008,87,4055388
11,2009,100,4066605
11,2010,102,4114415
11,2011,95,4195505
11,2012,96,4145034
11,2013,86,4055918
11,2014,74,4085636
11,2015,84,4130328
11,2016,83,4131222
11,2017,74,4157962
12,1999,104,4009910
12,2000,118,4075842
12,2001,107,4183955
12,2002,112,4380351
12,2003,109,4332987
12,2004,113,4293550
12,2005,102,4251162
12,2006,95,4196880
12,2007,89,4192002
12,2008,92,4159477
12,2009,78,4110576
12,2010,122,4106243
12,2011,84,4124205
12,2012,93,4206939
12,2013,96,4155875
12,2014,97,4068790
12,2015,85,4101021
12,2016,92,4139558
12,2017,88,4145953
13,1999,108,4003607
13,2000,111,4010850
13,2001,114,4113191
13,2002,137,4209025
13,2003,145,4401393
13,2004,112,4350199
13,2005,126,4308851
13,2006,111,4264733
13,2007,118,4207326
13,2008,100,4200016
13,2009,97,4164413
13,2010,100,4118013
13,2011,91,4122078
13,2012,93,4136252
13,2013,88,4217964
13,2014,101,4169346
13,2015,92,4084306
13,2016,92,4109703
13,2017,105,4155315
14,1999,109,4015012
14,2000,123,4052231
14,2001,125,4059370
14,2002,115,4132509
14,2003,126,4221884
14,2004,126,4408259
14,2005,142,4353216
14,2006,86,4308450
14,2007,118,4259504
14,2008,96,4198094
14,2009,102,4185880
14,2010,107,4165982
14,2011,96,4128920
14,2012,131,4135274
14,2013,119,4147439
14,2014,105,4232480
14,2015,127,4185386
14,2016,111,4093731
14,2017,96,4127305
15,1999,130,3939152
15,2000,142,4019404
15,2001,131,4083878
15,2002,108,4097876
15,2003,118,4172654
15,2004,142,4264863
15,2005,139,4456969
15,2006,117,4406515
15,2007,129,4364495
15,2008,138,4318982
15,2009,115,4259907
15,2010,106,4242820
15,2011,130,4156836
15,2012,112,4144014
15,2013,126,4147445
15,2014,111,4163723
15,2015,118,4249742
15,2016,105,4196991
15,2017,118,4114560
16,1999,168,4020305
16,2000,148,3975021
16,2001,144,4108304
16,2002,146,4126961
16,2003,152,4139141
16,2004,146,4213762
16,2005,132,4308145
16,2006,148,4502997
16,2007,136,4452250
16,2008,144,4411176
16,2009,129,4365338
16,2010,115,4316139
16,2011,106,4245479
16,2012,116,4174274
16,2013,115,4158116
16,2014,105,4167234
16,2015,129,4184296
16,2016,122,4265224
16,2017,106,4222691
17,1999,163,4031224
17,2000,156,4046012
17,2001,135,4028736
17,2002,146,4148590
17,2003,144,4160313
17,2004,153,4167308
17,2005,151,4239509
17,2006,132,4331493
17,2007,118,4521045
17,2008,148,4467060
17,2009,136,4421341
17,2010,116,4395295
17,2011,152,4330851
17,2012,130,4265702
17,2013,118,4191188
17,2014,130,4184706
17,2015,128,4194286
17,2016,138,4205001
17,2017,120,4296575
18,1999,163,3989843
18,2000,158,4051598
18,2001,178,4102851
18,2002,182,4084316
18,2003,154,4201835
18,2004,163,4214061
18,2005,175,4225126
18,2006,161,4301050
18,2007,156,4394638
18,2008,149,4588123
18,2009,132,4534634
18,2010,141,4500855
18,2011,136,4396167
18,2012,158,4354017
18,2013,140,4285609
18,2014,154,4225590
18,2015,125,4217995
18,2016,128,4219303
18,2017,119,4241226
19,1999,173,4104078
19,2000,181,4127855
19,2001,191,4132515
19,2002,182,4152627
19,2003,163,4123223
19,2004,177,4242558
19,2005,184,4256465
19,2006,172,4265654
19,2007,166,4335388
19,2008,158,4425539
19,2009,168,4611590
19,2010,169,4585234
19,2011,159,4514710
19,2012,142,4422695
19,2013,166,4376606
19,2014,150,4326394
19,2015,122,4262584
19,2016,140,4243480
19,2017,130,4256608
20,1999,222,3925495
20,2000,192,4049448
20,2001,215,4156725
20,2002,193,4158896
20,2003,178,4156877
20,2004,166,4131771
20,2005,164,4241197
20,2006,164,4248095
20,2007,182,4242404
20,2008,172,4302988
20,2009,179,4383628
20,2010,204,4519129
20,2011,183,4596113
20,2012,174,4543774
20,2013,160,4445721
20,2014,175,4418887
20,2015,147,4363440
20,2016,137,4286221
20,2017,165,4276745
21,1999,193,3763401
21,2000,210,3841082
21,2001,196,4133311
21,2002,216,4182678
21,2003,179,4167554
21,2004,177,4180191
21,2005,215,4150658
21,2006,203,4258790
21,2007,190,4257371
21,2008,201,4251950
21,2009,200,4307414
21,2010,189,4354294
21,2011,222,4592336
21,2012,181,4627509
21,2013,146,4568663
21,2014,173,4489746
21,2015,168,4456790
21,2016,167,4386854
21,2017,166,4318304
22,1999,198,3694190
22,2000,201,3758648
22,2001,207,3919316
22,2002,206,4145736
22,2003,211,4175294
22,2004,231,4173077
22,2005,219,4176096
22,2006,183,4141532
22,2007,194,4236043
22,2008,194,4232792
22,2009,203,4217667
22,2010,213,4264642
22,2011,184,4411032
22,2012,239,4623739
22,2013,196,4655731
22,2014,192,4612322
22,2015,199,4529472
22,2016,190,4480904
22,2017,134,4420763
23,1999,206,3562469
23,2000,181,3673582
23,2001,198,3798554
23,2002,214,3936927
23,2003,208,4147777
23,2004,238,4192674
23,2005,207,4183656
23,2006,237,4186427
23,2007,231,4143940
23,2008,227,4237432
23,2009,233,4230115
23,2010,193,4198571
23,2011,214,4311760
23,2012,203,4443539
23,2013,191,4652806
23,2014,206,4698584
23,2015,185,4652266
23,2016,177,4552952
23,2017,197,4515308
24,1999,206,3645874
24,2000,239,3641241
24,2001,211,3749380
24,2002,224,3819528
24,2003,240,3944186
24,2004,226,4167847
24,2005,224,4208348
24,2006,227,4201291
24,2007,232,4198241
24,2008,227,4155450
24,2009,213,4245298
24,2010,251,4249363
24,2011,224,4242591
24,2012,201,4344642
24,2013,218,4472517
24,2014,249,4692635
24,2015,231,4737345
24,2016,197,4674097
24,2017,199,4587515
25,1999,216,3657407
25,2000,228,3744539
25,2001,226,3659719
25,2002,228,3779169
25,2003,225,3842468
25,2004,220,3981519
25,2005,275,4206096
25,2006,252,4254643
25,2007,234,4245572
25,2008,252,4246210
25,2009,270,4204602
25,2010,250,4262350
25,2011,248,4267827
25,2012,233,4275138
25,2013,241,4372201
25,2014,229,4509594
25,2015,227,4729564
25,2016,218,4758352
25,2017,220,4708854
26,1999,269,3666228
26,2000,248,3619660
26,2001,269,3768152
26,2002,226,3669915
26,2003,263,3771710
26,2004,252,3838225
26,2005,256,3966722
26,2006,255,4186325
26,2007,254,4222850
26,2008,240,4206583
26,2009,260,4197922
26,2010,281,4152305
26,2011,262,4311255
26,2012,240,4298788
26,2013,246,4300520
26,2014,261,4406472
26,2015,239,4544416
26,2016,233,4747254
26,2017,243,4794326
27,1999,277,3935064
27,2000,255,3789800
27,2001,279,3668700
27,2002,240,3791713
27,2003,272,3688646
27,2004,276,3801676
27,2005,277,3870040
27,2006,323,4004498
27,2007,281,4224395
27,2008,318,4265165
27,2009,292,4250014
27,2010,282,4248869
27,2011,261,4181448
27,2012,273,4339574
27,2013,297,4322247
27,2014,298,4332545
27,2015,282,4439766
27,2016,306,4559206
27,2017,263,4784135
28,1999,324,4146484
28,2000,315,3984812
28,2001,311,3766129
28,2002,298,3682001
28,2003,295,3794838
28,2004,270,3697495
28,2005,289,3805526
28,2006,299,3874154
28,2007,295,3999799
28,2008,316,4215620
28,2009,325,4250613
28,2010,342,4215249
28,2011,294,4255686
28,2012,342,4206614
28,2013,308,4360245
28,2014,300,4351851
28,2015,303,4364669
28,2016,312,4451507
28,2017,302,4595406
29,1999,398,4169874
29,2000,381,4242525
29,2001,364,3956647
29,2002,328,3768542
29,2003,321,3673923
29,2004,331,3788140
29,2005,310,3686326
29,2006,331,3790391
29,2007,324,3850082
29,2008,365,3969090
29,2009,341,4175077
29,2010,335,4223076
29,2011,322,4263578
29,2012,357,4278212
29,2013,332,4224985
29,2014,336,4387476
29,2015,338,4383139
29,2016,360,4374565
29,2017,334,4487739
30,1999,376,4181212
30,2000,382,4289970
30,2001,482,4218260
30,2002,436,3994164
30,2003,372,3813536
30,2004,353,3737940
30,2005,354,3866581
30,2006,346,3779051
30,2007,364,3894527
30,2008,353,3970191
30,2009,381,4104133
30,2010,421,4285668
30,2011,335,4224516
30,2012,384,4283410
30,2013,356,4294831
30,2014,358,4250780
30,2015,395,4417209
30,2016,389,4392155
30,2017,362,4410631
31,1999,481,3936187
31,2000,477,4011575
31,2001,456,4302689
31,2002,475,4210913
31,2003,428,3973726
31,2004,385,3790984
31,2005,390,3705594
31,2006,445,3824265
31,2007,398,3724612
31,2008,397,3828094
31,2009,435,3890200
31,2010,407,3970218
31,2011,403,4317087
31,2012,418,4242178
31,2013,442,4297330
31,2014,432,4318706
31,2015,410,4278233
31,2016,456,4423807
31,2017,392,4425408
32,1999,521,4043957
32,2000,533,3994121
32,2001,528,4082902
32,2002,562,4330977
32,2003,492,4245067
32,2004,551,4023788
32,2005,468,3848038
32,2006,484,3772538
32,2007,436,3899463
32,2008,424,3807761
32,2009,436,3921281
32,2010,452,3986847
32,2011,461,4052694
32,2012,458,4332058
32,2013,457,4254331
32,2014,443,4320072
32,2015,507,4343614
32,2016,491,4283076
32,2017,453,4453718
33,1999,568,4079717
33,2000,609,4026573
33,2001,598,4014912
33,2002,604,4095531
33,2003,603,4337299
33,2004,562,4257394
33,2005,521,4035045
33,2006,495,3860165
33,2007,477,3780927
33,2008,468,3907253
33,2009,505,3813001
33,2010,464,3880150
33,2011,532,3976037
33,2012,528,4065562
33,2013,517,4342738
33,2014,505,4276113
33,2015,527,4341754
33,2016,528,4345786
33,2017,576,4310977
34,1999,746,4362276
34,2000,653,4188149
34,2001,632,4033412
34,2002,638,4026721
34,2003,648,4102582
34,2004,606,4349395
34,2005,623,4268679
34,2006,569,4049149
34,2007,538,3871236
34,2008,540,3791506
34,2009,562,3916499
34,2010,548,3839216
34,2011,545,3940370
34,2012,573,3987787
34,2013,616,4075159
34,2014,602,4362895
34,2015,623,4294838
34,2016,608,4341535
34,2017,614,4371478
35,1999,870,4605618
35,2000,839,4516118
35,2001,826,4161140
35,2002,777,4050190
35,2003,737,4042650
35,2004,749,4127056
35,2005,717,4377057
35,2006,725,4302604
35,2007,670,4083733
35,2008,596,3908041
35,2009,615,3829432
35,2010,589,3956434
35,2011,613,3827920
35,2012,623,3950567
35,2013,630,3996723
35,2014,681,4094039
35,2015,684,4379404
35,2016,687,4293125
35,2017,653,4364947
36,1999,959,4543561
36,2000,954,4511168
36,2001,899,4457678
36,2002,860,4168398
36,2003,814,4051962
36,2004,756,4048580
36,2005,780,4130501
36,2006,837,4380502
36,2007,769,4302578
36,2008,743,4083819
36,2009,749,3905615
36,2010,716,3802087
36,2011,714,3952699
36,2012,654,3836469
36,2013,630,3957642
36,2014,726,4014413
36,2015,748,4108775
36,2016,756,4375562
36,2017,760,4313987
37,1999,1181,4582792
37,2000,1115,4517060
37,2001,1089,4534648
37,2002,990,4459389
37,2003,965,4165007
37,2004,860,4051890
37,2005,803,4044933
37,2006,864,4126573
37,2007,886,4370533
37,2008,917,4291673
37,2009,860,4071181
37,2010,762,3934445
37,2011,819,3833451
37,2012,764,3959492
37,2013,789,3842679
37,2014,801,3974190
37,2015,754,4028403
37,2016,796,4103498
37,2017,903,4394351
38,1999,1373,4530009
38,2000,1332,4553814
38,2001,1313,4529329
38,2002,1194,4538848
38,2003,1132,4462051
38,2004,1058,4174027
38,2005,1025,4060608
38,2006,942,4056686
38,2007,992,4136991
38,2008,1010,4382157
38,2009,1000,4304006
38,2010,869,4121880
38,2011,867,3898503
38,2012,822,3839004
38,2013,892,3964301
38,2014,855,3859181
38,2015,869,3987141
38,2016,889,4022119
38,2017,888,4120468
39,1999,1521,4620569
39,2000,1480,4608504
39,2001,1495,4553123
39,2002,1466,4534393
39,2003,1413,4542489
39,2004,1227,4473096
39,2005,1193,4185554
39,2006,1155,4074868
39,2007,1060,4070056
39,2008,1067,4151773
39,2009,1124,4397562
39,2010,1147,4364796
39,2011,1002,4081736
39,2012,955,3902667
39,2013,931,3842425
39,2014,927,3979827
39,2015,916,3870862
39,2016,1045,3979601
39,2017,988,4038244
40,1999,1659,4667525
40,2000,1699,4711434
40,2001,1730,4606601
40,2002,1661,4551912
40,2003,1580,4529389
40,2004,1524,4540929
40,2005,1442,4470383
40,2006,1267,4184594
40,2007,1284,4071341
40,2008,1203,4065710
40,2009,1236,4145183
40,2010,1223,4383274
40,2011,1212,4323778
40,2012,1139,4084481
40,2013,1105,3904767
40,2014,1043,3856888
40,2015,1051,3989839
40,2016,1113,3862150
40,2017,1147,3994423
41,1999,2012,4461898
41,2000,1934,4466676
41,2001,1925,4700471
41,2002,1870,4610846
41,2003,1780,4556844
41,2004,1677,4540376
41,2005,1790,4553968
41,2006,1661,4488189
41,2007,1522,4202260
41,2008,1438,4090091
41,2009,1457,4085265
41,2010,1395,4114985
41,2011,1397,4384253
41,2012,1438,4324963
41,2013,1313,4084927
41,2014,1228,3917413
41,2015,1230,3865228
41,2016,1176,3979596
41,2017,1193,3875738
42,1999,2181,4506931
42,2000,2164,4547220
42,2001,2155,4514435
42,2002,2205,4699196
42,2003,2188,4606465
42,2004,2049,4555019
42,2005,2085,4537278
42,2006,1914,4552280
42,2007,1697,4485432
42,2008,1637,4199463
42,2009,1601,4085849
42,2010,1542,4076104
42,2011,1541,4159664
42,2012,1572,4384022
42,2013,1561,4323573
42,2014,1507,4095929
42,2015,1361,3924258
42,2016,1316,3854553
42,2017,1400,3990700
43,1999,2505,4297852
43,2000,2605,4407870
43,2001,2623,4523433
43,2002,2545,4515522
43,2003,2383,4699388
43,2004,2473,4610120
43,2005,2349,4559728
43,2006,2282,4544742
43,2007,2188,4560505
43,2008,2053,4495218
43,2009,1841,4209233
43,2010,1804,4105105
43,2011,1790,4078100
43,2012,1726,4158551
43,2013,1809,4380926
43,2014,1745,4332491
43,2015,1615,4100708
43,2016,1612,3912307
43,2017,1494,3863455
44,1999,2813,4259922
44,2000,2766,4308663
44,2001,2880,4470894
44,2002,2883,4511955
44,2003,2856,4497961
44,2004,2668,4679182
44,2005,2750,4585528
44,2006,2586,4532763
44,2007,2560,4512801
44,2008,2341,4524541
44,2009,2329,4454485
44,2010,2041,4211496
44,2011,2008,4087850
44,2012,1899,4076204
44,2013,1953,4154727
44,2014,2004,4388762
44,2015,1942,4335165
44,2016,1756,4087645
44,2017,1678,3919057
45,1999,3078,4245882
45,2000,3192,4341460
45,2001,3245,4301955
45,2002,3220,4461379
45,2003,3266,4499971
45,2004,3051,4486566
45,2005,3105,4666734
45,2006,2972,4573546
45,2007,2828,4519792
45,2008,2848,4499251
45,2009,2703,4509265
45,2010,2512,4508868
45,2011,2362,4170798
45,2012,2290,4084512
45,2013,2233,4070408
45,2014,2163,4161450
45,2015,2112,4389345
45,2016,2177,4319616
45,2017,2033,4091579
46,1999,3416,3994950
46,2000,3435,4087563
46,2001,3442,4331582
46,2002,3520,4301101
46,2003,3605,4462427
46,2004,3603,4506067
46,2005,3474,4496805
46,2006,3324,4682144
46,2007,3291,4591932
46,2008,3193,4541484
46,2009,3168,4523596
46,2010,3050,4519761
46,2011,2833,4428601
46,2012,2626,4165735
46,2013,2599,4076903
46,2014,2445,4076237
46,2015,2443,4160573
46,2016,2486,4371961
46,2017,2428,4320583
47,1999,3625,3937147
47,2000,3703,4019692
47,2001,3968,4152347
47,2002,3858,4330110
47,2003,3939,4300483
47,2004,3882,4465196
47,2005,3879,4511695
47,2006,3895,4506142
47,2007,3790,4694196
47,2008,3795,4606123
47,2009,3708,4557336
47,2010,3526,4535265
47,2011,3343,4517819
47,2012,3232,4421347
47,2013,3023,4156273
47,2014,2785,4082150
47,2015,2651,4073685
47,2016,2724,4142964
47,2017,2695,4370964
48,1999,4065,3710656
48,2000,4205,3885145
48,2001,4170,4018921
48,2002,4315,4143330
48,2003,4347,4317939
48,2004,4181,4287486
48,2005,4387,4449860
48,2006,4343,4495342
48,2007,4327,4487653
48,2008,4189,4672955
48,2009,4143,4582655
48,2010,3992,4538796
48,2011,3853,4521355
48,2012,3784,4508318
48,2013,3422,4409800
48,2014,3349,4158996
48,2015,3135,4077689
48,2016,3036,4055074
48,2017,2940,4140010
49,1999,4504,3765572
49,2000,4561,3758544
49,2001,4678,3894178
49,2002,4709,4016368
49,2003,4690,4141856
49,2004,4781,4319947
49,2005,4915,4292077
49,2006,4979,4458112
49,2007,4828,4506188
49,2008,4855,4501160
49,2009,4775,4689393
49,2010,4791,4605901
49,2011,4502,4519432
49,2012,4321,4509567
49,2013,4230,4494922
49,2014,4022,4409209
49,2015,3672,4152552
49,2016,3494,4058008
49,2017,3242,4050722
50,1999,4942,3762700
50,2000,5047,3808515
50,2001,4928,3796146
50,2002,5134,3881009
50,2003,5172,3998812
50,2004,5242,4121104
50,2005,5465,4295348
50,2006,5275,4264904
50,2007,5236,4426479
50,2008,5411,4471128
50,2009,5353,4462192
50,2010,5367,4660295
50,2011,5231,4581833
50,2012,5096,4505608
50,2013,4751,4494482
50,2014,4685,4491431
50,2015,4389,4400288
50,2016,3985,4131293
50,2017,3938,4051078
51,1999,5563,3601854
51,2000,5341,3616997
51,2001,5422,3796980
51,2002,5624,3797199
51,2003,5622,3886144
51,2004,5635,4010062
51,2005,5751,4138594
51,2006,5862,4320192
51,2007,5883,4294933
51,2008,5909,4464006
51,2009,5984,4514833
51,2010,5902,4464631
51,2011,5866,4626453
51,2012,5893,4566251
51,2013,5572,4489236
51,2014,5356,4488666
51,2015,5140,4479664
51,2016,4798,4375892
51,2017,4499,4121394
52,1999,6401,3873166
52,2000,6146,3707436
52,2001,6015,3654405
52,2002,6067,3785188
52,2003,6125,3782009
52,2004,6063,3868188
52,2005,6375,3989065
52,2006,6426,4114856
52,2007,6418,4292620
52,2008,6444,4264599
52,2009,6701,4429228
52,2010,6701,4500846
52,2011,6557,4478180
52,2012,6404,4609523
52,2013,6189,4547907
52,2014,6101,4480175
52,2015,5901,4474344
52,2016,5568,4452636
52,2017,5242,4363205
53,1999,5597,2785325
53,2000,6881,3635040
53,2001,6834,3631014
53,2002,6667,3650409
53,2003,6493,3783390
53,2004,6652,3782872
53,2005,6742,3871906
53,2006,6701,3996095
53,2007,6880,4124978
53,2008,6830,4306809
53,2009,7102,4281465
53,2010,7306,4380354
53,2011,7123,4458125
53,2012,7144,4459925
53,2013,7049,4589261
53,2014,6913,4535748
53,2015,6736,4463494
53,2016,6417,4445605
53,2017,5963,4437426
54,1999,6152,2900567
54,2000,6213,2817560
54,2001,7579,3808740
54,2002,7237,3626101
54,2003,7266,3646923
54,2004,7128,3782442
54,2005,7041,3783820
54,2006,7351,3874826
54,2007,7385,4001168
54,2008,7643,4132932
54,2009,7726,4317125
54,2010,7815,4291999
54,2011,7895,4415607
54,2012,7880,4437952
54,2013,7767,4438340
54,2014,7662,4574789
54,2015,7550,4516527
54,2016,7184,4433630
54,2017,6853,4427991
55,1999,6915,2859176
55,2000,6694,2850600
55,2001,6649,2851092
55,2002,8396,3788111
55,2003,7931,3601691
55,2004,7842,3618001
55,2005,7750,3748247
55,2006,7783,3745012
55,2007,7941,3829701
55,2008,8108,3949524
55,2009,8278,4074019
55,2010,8315,4254709
55,2011,8504,4263989
55,2012,8669,4393250
55,2013,8519,4415162
55,2014,8662,4421625
55,2015,8418,4553385
55,2016,8386,4484565
55,2017,7860,4413266
56,1999,7920,2934509
56,2000,7457,2837452
56,2001,7316,2846838
56,2002,7261,2846712
56,2003,8982,3785668
56,2004,8561,3603856
56,2005,8377,3625240
56,2006,8360,3760899
56,2007,8426,3761384
56,2008,8635,3850704
56,2009,8785,3975863
56,2010,9031,4037513
56,2011,9190,4232520
56,2012,9230,4240395
56,2013,9295,4369543
56,2014,9376,4395471
56,2015,9398,4399120
56,2016,8864,4518758
56,2017,8709,4461346
57,1999,7717,2561216
57,2000,8368,2864020
57,2001,8111,2805407
57,2002,7770,2833628
57,2003,7850,2831596
57,2004,9763,3763702
57,2005,9303,3582008
57,2006,9071,3601973
57,2007,9092,3734883
57,2008,9036,3733201
57,2009,9329,3819855
57,2010,9493,3936386
57,2011,9722,4066089
57,2012,9901,4207605
57,2013,10029,4215577
57,2014,10363,4347179
57,2015,10305,4371245
57,2016,9925,4362807
57,2017,9709,4493573
58,1999,8022,2412512
58,2000,8267,2540152
58,2001,9266,2900132
58,2002,8790,2792832
58,2003,8533,2821608
58,2004,8505,2819754
58,2005,10356,3748661
58,2006,10186,3568659
58,2007,9862,3588953
58,2008,9742,3722427
58,2009,9852,3721219
58,2010,9983,3794928
58,2011,10199,3918566
58,2012,10608,4040118
58,2013,10771,4181408
58,2014,10798,4191757
58,2015,10947,4320522
58,2016,10855,4332953
58,2017,10562,4335891
59,1999,8524,2317408
59,2000,8657,2377013
59,2001,9038,2565506
59,2002,9831,2881784
59,2003,9525,2773994
59,2004,9034,2801863
59,2005,9151,2799064
59,2006,11228,3720317
59,2007,10789,3539851
59,2008,10483,3558712
59,2009,10552,3689647
59,2010,10636,3641269
59,2011,10907,3774384
59,2012,11221,3891149
59,2013,11127,4012740
59,2014,11386,4155417
59,2015,11741,4163670
59,2016,11773,4281025
59,2017,11413,4303880
60,1999,9052,2313430
60,2000,9057,2319944
60,2001,9333,2380300
60,2002,9817,2540735
60,2003,10464,2849408
60,2004,9944,2739059
60,2005,9725,2763609
60,2006,9719,2757092
60,2007,11923,3659454
60,2008,11518,3476545
60,2009,11483,3489302
60,2010,11218,3621131
60,2011,11395,3664521
60,2012,11719,3745489
60,2013,11830,3862796
60,2014,12153,3985367
60,2015,12214,4125792
60,2016,12467,4123968
60,2017,12326,4249921
61,1999,9831,2178551
61,2000,9601,2221227
61,2001,9590,2323707
61,2002,9983,2370358
61,2003,10408,2534959
61,2004,11148,2848602
61,2005,10527,2745139
61,2006,10187,2776869
61,2007,10273,2775802
61,2008,12815,3694987
61,2009,12362,3517588
61,2010,11950,3492596
61,2011,12174,3584377
61,2012,12193,3635456
61,2013,12237,3715993
61,2014,12951,3834428
61,2015,13028,3954601
61,2016,13211,4083962
61,2017,12994,4091662
62,1999,10038,2076327
62,2000,10187,2171072
62,2001,10220,2213270
62,2002,10404,2306156
62,2003,10687,2352131
62,2004,10967,2515357
62,2005,12084,2827064
62,2006,11270,2725651
62,2007,10978,2757918
62,2008,10809,2757325
62,2009,13600,3673134
62,2010,13294,3563182
62,2011,12653,3487302
62,2012,12821,3554439
62,2013,12867,3603520
62,2014,13303,3685822
62,2015,13231,3801935
62,2016,13592,3911429
62,2017,13576,4050159
63,1999,10531,2054965
63,2000,10604,2053151
63,2001,10800,2172024
63,2002,10847,2195850
63,2003,10946,2289143
63,2004,11003,2335553
63,2005,11666,2498812
63,2006,12769,2810202
63,2007,11977,2711325
63,2008,11508,2744863
63,2009,11835,2745716
63,2010,14433,3483884
63,2011,13757,3459297
63,2012,13612,3454687
63,2013,13652,3519231
63,2014,13643,3572379
63,2015,14113,3651393
63,2016,14049,3757382
63,2017,14204,3875907
64,1999,11650,2069932
64,2000,11337,2040053
64,2001,11153,2047019
64,2002,11485,2147166
64,2003,11604,2168747
64,2004,11499,2259557
64,2005,11619,2303653
64,2006,12196,2463439
64,2007,13326,2769163
64,2008,12816,2668775
64,2009,12229,2699257
64,2010,12586,2657131
64,2011,15556,3611095
64,2012,14659,3423614
64,2013,14499,3420461
64,2014,14257,3488136
64,2015,14346,3536156
64,2016,14810,3606295
64,2017,14985,3720053
65,1999,11872,1913454
65,2000,12065,2029911
65,2001,11717,2012270
65,2002,11648,2025379
65,2003,11825,2125962
65,2004,11916,2148431
65,2005,11841,2240858
65,2006,12077,2286008
65,2007,12978,2445756
65,2008,14091,2751913
65,2009,13360,2653345
65,2010,12862,2680761
65,2011,12921,2672909
65,2012,16237,3570839
65,2013,15423,3391067
65,2014,15036,3384449
65,2015,14975,3450043
65,2016,15148,3490890
65,2017,15530,3567978
66,1999,12590,1896361
66,2000,12469,1860320
66,2001,12509,2013441
66,2002,12385,1986541
66,2003,12084,1999916
66,2004,12493,2098650
66,2005,12433,2121740
66,2006,12436,2213751
66,2007,12894,2257671
66,2008,13483,2416007
66,2009,14605,2719454
66,2010,14129,2639141
66,2011,13291,2643148
66,2012,13625,2640984
66,2013,17018,3534440
66,2014,16159,3347776
66,2015,16104,3344134
66,2016,15529,3403647
66,2017,15667,3451069
67,1999,13287,1916683
67,2000,13227,1896451
67,2001,12939,1850485
67,2002,13150,1986526
67,2003,13071,1961151
67,2004,12864,1975087
67,2005,13020,2074635
67,2006,13087,2098690
67,2007,13045,2191327
67,2008,13508,2235669
67,2009,13833,2394376
67,2010,15205,2649365
67,2011,14489,2584544
67,2012,13937,2609069
67,2013,14347,2604610
67,2014,17784,3485502
67,2015,16920,3304187
67,2016,16607,3295266
67,2017,16330,3361747
68,1999,14517,1917811
68,2000,14054,1864515
68,2001,13555,1852792
68,2002,13293,1821142
68,2003,13455,1955990
68,2004,13189,1930847
68,2005,13141,1945279
68,2006,13327,2044245
68,2007,13537,2068095
68,2008,13759,2160024
68,2009,13924,2204229
68,2010,14797,2323672
68,2011,15829,2652309
68,2012,15317,2546946
68,2013,14640,2569911
68,2014,14880,2572527
68,2015,18297,3436357
68,2016,17538,3251936
68,2017,17204,3251249
69,1999,15577,1897189
69,2000,15035,1882348
69,2001,14452,1833245
69,2002,14050,1818893
69,2003,13661,1787777
69,2004,13962,1920414
69,2005,13567,1896115
69,2006,13830,1910507
69,2007,14176,2007386
69,2008,14245,2030734
69,2009,14066,2120973
69,2010,14578,2142324
69,2011,15173,2320878
69,2012,16625,2609515
69,2013,15841,2508689
69,2014,15330,2535012
69,2015,15719,2532747
69,2016,19303,3378344
69,2017,18208,3204338
70,1999,15840,1872535
70,2000,15986,1875175
70,2001,15352,1817859
70,2002,14974,1792760
70,2003,14597,1777336
70,2004,14171,1744903
70,2005,14481,1873726
70,2006,14284,1848556
70,2007,13902,1860716
70,2008,14414,1953328
70,2009,14487,1974076
70,2010,14539,2043121
70,2011,15120,2129501
70,2012,15864,2279580
70,2013,17129,2569502
70,2014,16157,2466485
70,2015,16049,2492490
70,2016,15780,2487211
70,2017,19685,3324662
71,1999,16977,1830815
71,2000,16454,1788269
71,2001,16305,1844676
71,2002,15965,1782107
71,2003,15145,1760292
71,2004,14677,1747347
71,2005,14543,1718367
71,2006,14804,1848947
71,2007,14539,1826784
71,2008,14480,1841560
71,2009,14719,1936308
71,2010,14963,1949323
71,2011,14848,2022340
71,2012,15524,2088076
71,2013,16263,2238499
71,2014,17605,2519748
71,2015,17057,2421191
71,2016,15991,2445650
71,2017,16194,2443843
72,1999,17758,1751382
72,2000,17427,1791696
72,2001,16942,1743767
72,2002,16632,1797946
72,2003,16030,1736351
72,2004,15543,1713793
72,2005,15110,1700960
72,2006,14620,1672443
72,2007,15141,1798955
72,2008,15080,1776463
72,2009,14572,1790136
72,2010,15303,1864275
72,2011,15358,1911624
72,2012,15500,1979898
72,2013,15920,2044846
72,2014,16898,2194234
72,2015,18163,2469605
72,2016,17075,2371252
72,2017,16617,2399286
73,1999,18070,1714390
73,2000,17925,1725168
73,2001,17715,1733630
73,2002,16944,1697450
73,2003,16885,1751589
73,2004,16100,1691931
73,2005,16268,1671512
73,2006,15400,1660842
73,2007,15118,1633722
73,2008,15461,1758650
73,2009,15038,1737897
73,2010,15148,1736960
73,2011,15705,1839285
73,2012,15771,1867571
73,2013,15697,1934570
73,2014,16211,2002191
73,2015,17114,2146052
73,2016,18349,2413647
73,2017,17444,2321473
74,1999,18534,1708289
74,2000,18035,1677133
74,2001,18106,1682014
74,2002,18064,1679791
74,2003,16849,1644551
74,2004,16845,1696130
74,2005,16392,1638505
74,2006,16058,1619038
74,2007,15538,1608315
74,2008,15155,1581331
74,2009,15719,1702305
74,2010,15691,1684487
74,2011,15444,1705200
74,2012,15897,1792914
74,2013,16047,1820632
74,2014,16130,1890366
74,2015,16486,1953711
74,2016,17385,2092487
74,2017,18687,2357801
75,1999,18643,1637734
75,2000,18640,1651641
75,2001,18323,1610892
75,2002,18230,1620812
75,2003,18189,1617308
75,2004,17327,1581121
75,2005,16985,1629763
75,2006,16500,1573506
75,2007,16320,1553097
75,2008,15634,1541027
75,2009,15351,1513301
75,2010,15803,1620077
75,2011,15721,1638322
75,2012,15735,1657855
75,2013,16222,1743415
75,2014,16370,1774697
75,2015,16405,1839823
75,2016,16945,1900211
75,2017,17370,2039236
76,1999,18664,1539287
76,2000,18877,1556567
76,2001,18731,1589103
76,2002,18182,1554475
76,2003,18280,1567629
76,2004,17854,1566753
76,2005,17150,1535359
76,2006,17193,1587027
76,2007,16691,1535224
76,2008,16097,1518327
76,2009,15731,1510000
76,2010,15492,1471070
76,2011,16076,1580914
76,2012,16011,1588005
76,2013,15897,1607329
76,2014,16625,1694648
76,2015,16517,1722041
76,2016,16394,1784266
76,2017,16679,1847158
77,1999,18755,1499362
77,2000,18564,1460781
77,2001,18457,1503097
77,2002,18809,1522890
77,2003,18187,1489790
77,2004,18032,1501866
77,2005,17853,1501643
77,2006,17355,1472328
77,2007,17350,1521903
77,2008,16747,1472006
77,2009,16217,1455744
77,2010,16029,1455330
77,2011,15591,1430790
77,2012,16245,1527795
77,2013,16153,1534778
77,2014,16123,1557239
77,2015,16567,1639085
77,2016,16677,1664566
77,2017,16706,1729114
78,1999,18311,1407240
78,2000,18456,1431916
78,2001,18168,1405933
78,2002,18294,1436185
78,2003,18320,1456995
78,2004,17985,1425682
78,2005,18137,1439475
78,2006,17800,1441641
78,2007,17202,1414814
78,2008,17283,1464084
78,2009,17076,1417539
78,2010,16348,1400123
78,2011,15717,1394574
78,2012,15580,1377972
78,2013,16026,1471162
78,2014,16045,1481505
78,2015,16141,1500813
78,2016,16591,1578915
78,2017,16791,1607240
79,1999,17652,1258983
79,2000,18260,1314908
79,2001,18480,1346388
79,2002,18187,1336099
79,2003,18233,1366120
79,2004,17688,1385977
79,2005,17804,1357369
79,2006,17779,1372532
79,2007,17491,1375325
79,2008,17226,1350299
79,2009,16692,1398480
79,2010,16610,1371195
79,2011,16391,1344087
79,2012,15960,1337956
79,2013,15264,1321197
79,2014,16139,1414235
79,2015,15952,1422071
79,2016,15986,1439937
79,2017,16624,1518513
80,1999,16392,1189382
80,2000,17481,1207365
80,2001,17645,1254832
80,2002,17887,1269310
80,2003,17642,1259724
80,2004,17716,1286733
80,2005,17649,1305661
80,2006,17718,1278890
80,2007,17550,1292775
80,2008,17379,1294601
80,2009,16748,1270444
80,2010,16893,1308511
80,2011,16363,1293211
80,2012,16207,1283660
80,2013,15650,1277377
80,2014,15601,1264072
80,2015,16120,1351196
80,2016,16063,1358260
80,2017,16179,1378494
81,1999,16077,1047265
81,2000,15931,1072048
81,2001,16717,1154138
81,2002,17292,1180698
81,2003,17560,1196760
81,2004,16820,1189534
81,2005,17528,1218283
81,2006,17463,1239927
81,2007,17196,1216593
81,2008,17028,1232307
81,2009,16728,1236769
81,2010,16444,1212865
81,2011,16579,1253347
81,2012,16176,1228420
81,2013,15886,1219160
81,2014,15678,1216009
81,2015,15182,1201044
81,2016,15732,1284298
81,2017,15721,1293831
82,1999,15084,972176
82,2000,15502,981562
82,2001,15432,993071
82,2002,16345,1075053
82,2003,16696,1100969
82,2004,16730,1115106
82,2005,16611,1109756
82,2006,16980,1138135
82,2007,16982,1158822
82,2008,16507,1136851
82,2009,16649,1152248
82,2010,16667,1161421
82,2011,16261,1145240
82,2012,16155,1184179
82,2013,15886,1160321
82,2014,15553,1153634
82,2015,15060,1148948
82,2016,14783,1135109
82,2017,15484,1216640
83,1999,14210,875092
83,2000,14424,883063
83,2001,14750,927192
83,2002,14475,919945
83,2003,15510,997727
83,2004,15949,1023151
83,2005,16100,1038431
83,2006,15699,1036784
83,2007,16190,1065220
83,2008,16133,1086404
83,2009,15742,1067638
83,2010,15894,1074809
83,2011,16086,1087100
83,2012,15619,1074693
83,2013,15696,1111120
83,2014,15483,1090465
83,2015,15255,1082562
83,2016,14829,1079082
83,2017,14830,1068110
84,1999,13454,798393
84,2000,13609,801329
84,2001,13396,808972
84,2002,13958,849397
84,2003,13689,843416
84,2004,14628,913980
84,2005,15198,939062
84,2006,15152,954381
84,2007,15353,953666
84,2008,15650,980196
84,2009,15587,1000612
84,2010,15555,985721
84,2011,15201,1007645
84,2012,15123,1012099
84,2013,15088,1000660
84,2014,15227,1036186
84,2015,14906,1015591
84,2016,14660,1008890
84,2017,14268,1008215
85,1999,12374,
85,2000,12635,
85,2001,12558,
85,2002,12617,
85,2003,12919,
85,2004,12786,
85,2005,14019,
85,2006,14049,
85,2007,14454,
85,2008,14220,
85,2009,14469,
85,2010,14706,
85,2011,14616,
85,2012,14649,
85,2013,14538,
85,2014,14222,
85,2015,14446,
85,2016,14069,
85,2017,13962,
86,1999,11396,
86,2000,11516,
86,2001,11676,
86,2002,11816,
86,2003,11631,
86,2004,12003,
86,2005,11881,
86,2006,12760,
86,2007,13284,
86,2008,13477,
86,2009,13552,
86,2010,13854,
86,2011,13660,
86,2012,13612,
86,2013,13626,
86,2014,13621,
86,2015,13299,
86,2016,13695,
86,2017,13432,
87,1999,9872,
87,2000,10324,
87,2001,10517,
87,2002,10557,
87,2003,10575,
87,2004,10617,
87,2005,10968,
87,2006,10961,
87,2007,11775,
87,2008,12297,
87,2009,12450,
87,2010,12568,
87,2011,12879,
87,2012,12774,
87,2013,12693,
87,2014,13098,
87,2015,12888,
87,2016,12633,
87,2017,12688,
88,1999,8871,
88,2000,9010,
88,2001,9117,
88,2002,9249,
88,2003,9417,
88,2004,9440,
88,2005,9712,
88,2006,9859,
88,2007,9915,
88,2008,10727,
88,2009,11119,
88,2010,11520,
88,2011,11205,
88,2012,11547,
88,2013,11550,
88,2014,11576,
88,2015,11839,
88,2016,11845,
88,2017,11551,
89,1999,7526,
89,2000,7773,
89,2001,7914,
89,2002,8111,
89,2003,8450,
89,2004,8177,
89,2005,8522,
89,2006,8499,
89,2007,8814,
89,2008,8732,
89,2009,9419,
89,2010,10066,
89,2011,10218,
89,2012,10277,
89,2013,10431,
89,2014,10419,
89,2015,10407,
89,2016,11072,
89,2017,10682,
90,1999,6277,
90,2000,6458,
90,2001,6586,
90,2002,6681,
90,2003,6954,
90,2004,6987,
90,2005,7199,
90,2006,7292,
90,2007,7474,
90,2008,7708,
90,2009,7606,
90,2010,8307,
90,2011,8707,
90,2012,9033,
90,2013,8855,
90,2014,9261,
90,2015,9447,
90,2016,9321,
90,2017,9563,
91,1999,5215,
91,2000,5359,
91,2001,5448,
91,2002,5475,
91,2003,5636,
91,2004,5732,
91,2005,6104,
91,2006,6134,
91,2007,6158,
91,2008,6298,
91,2009,6426,
91,2010,6598,
91,2011,7254,
91,2012,7472,
91,2013,7706,
91,2014,7883,
91,2015,8213,
91,2016,8191,
91,2017,8078,
92,1999,4361,
92,2000,4601,
92,2001,4451,
92,2002,4654,
92,2003,4700,
92,2004,4694,
92,2005,4912,
92,2006,5103,
92,2007,5036,
92,2008,5078,
92,2009,5238,
92,2010,5576,
92,2011,5712,
92,2012,5922,
92,2013,6480,
92,2014,6599,
92,2015,6717,
92,2016,6750,
92,2017,6996,
93,1999,3345,
93,2000,3463,
93,2001,3608,
93,2002,3749,
93,2003,3723,
93,2004,3708,
93,2005,3933,
93,2006,4005,
93,2007,4122,
93,2008,4186,
93,2009,4245,
93,2010,4393,
93,2011,4554,
93,2012,4570,
93,2013,5075,
93,2014,5409,
93,2015,5748,
93,2016,5595,
93,2017,5770,
94,1999,2563,
94,2000,2826,
94,2001,2708,
94,2002,2926,
94,2003,2862,
94,2004,2899,
94,2005,2873,
94,2006,3098,
94,2007,3158,
94,2008,3428,
94,2009,3348,
94,2010,3510,
94,2011,3587,
94,2012,3698,
94,2013,3677,
94,2014,4149,
94,2015,4394,
94,2016,4528,
94,2017,4627,
95,1999,2040,
95,2000,2084,
95,2001,2072,
95,2002,2126,
95,2003,2232,
95,2004,2189,
95,2005,2277,
95,2006,2300,
95,2007,2441,
95,2008,2389,
95,2009,2609,
95,2010,2749,
95,2011,2677,
95,2012,2723,
95,2013,2868,
95,2014,2971,
95,2015,3241,
95,2016,3469,
95,2017,3591,
96,1999,1503,
96,2000,1495,
96,2001,1622,
96,2002,1562,
96,2003,1562,
96,2004,1630,
96,2005,1578,
96,2006,1711,
96,2007,1771,
96,2008,1786,
96,2009,1755,
96,2010,1943,
96,2011,2036,
96,2012,2070,
96,2013,2133,
96,2014,2245,
96,2015,2368,
96,2016,2570,
96,2017,2626,
97,1999,1076,
97,2000,1131,
97,2001,1100,
97,2002,1125,
97,2003,1101,
97,2004,1157,
97,2005,1244,
97,2006,1191,
97,2007,1198,
97,2008,1307,
97,2009,1246,
97,2010,1378,
97,2011,1432,
97,2012,1486,
97,2013,1475,
97,2014,1587,
97,2015,1667,
97,2016,1664,
97,2017,1858,
98,1999,714,
98,2000,738,
98,2001,764,
98,2002,797,
98,2003,741,
98,2004,763,
98,2005,806,
98,2006,832,
98,2007,840,
98,2008,914,
98,2009,873,
98,2010,934,
98,2011,931,
98,2012,1054,
98,2013,1085,
98,2014,1108,
98,2015,1108,
98,2016,1221,
98,2017,1269,
99,1999,496,
99,2000,519,
99,2001,477,
99,2002,528,
99,2003,528,
99,2004,498,
99,2005,526,
99,2006,578,
99,2007,539,
99,2008,521,
99,2009,620,
99,2010,644,
99,2011,672,
99,2012,700,
99,2013,672,
99,2014,726,
99,2015,747,
99,2016,723,
99,2017,851,
100,1999,828,
100,2000,804,
100,2001,776,
100,2002,822,
100,2003,810,
100,2004,839,
100,2005,810,
100,2006,834,
100,2007,886,
100,2008,930,
100,2009,885,
100,2010,978,
100,2011,968,
100,2012,1048,
100,2013,1034,
100,2014,1131,
100,2015,1210,
100,2016,1280,
100,2017,1289,
0,2018,92,3848208
1,2018,73,3912900
2,2018,93,3991437
3,2018,97,4036562
4,2018,102,4021168
5,2018,73,4010118
6,2018,83,4015259
7,2018,90,4059363
8,2018,78,4055624
9,2018,88,4055278
10,2018,85,4184077
11,2018,80,4203007
12,2018,94,4168485
13,2018,111,4156887
14,2018,110,4167071
15,2018,135,4141218
16,2018,119,4130744
17,2018,143,4241936
18,2018,143,4319722
19,2018,121,4263601
20,2018,131,4273822
21,2018,141,4292514
22,2018,162,4334743
23,2018,155,4438724
24,2018,202,4533776
25,2018,178,4606281
26,2018,256,4728714
27,2018,264,4813980
28,2018,320,4801711
29,2018,327,4611070
30,2018,414,4501282
31,2018,388,4421549
32,2018,503,4433749
33,2018,557,4461246
34,2018,600,4318192
35,2018,695,4376401
36,2018,748,4366923
37,2018,819,4313086
38,2018,926,4391406
39,2018,1044,4115771
40,2018,1030,4031314
41,2018,1186,3986156
42,2018,1279,3866067
43,2018,1479,3979609
44,2018,1647,3851155
45,2018,1938,3904041
46,2018,2228,4074459
47,2018,2643,4301318
48,2018,2997,4349714
49,2018,3319,4117603
50,2018,3603,4026474
51,2018,4083,4025069
52,2018,4709,4094079
53,2018,5585,4333375
54,2018,6733,4405567
55,2018,7545,4393983
56,2018,8437,4377130
57,2018,9584,4422810
58,2018,10360,4453038
59,2018,11256,4294024
60,2018,11958,4259361
61,2018,13064,4202894
62,2018,13696,4043396
63,2018,14598,4000235
64,2018,14917,3825765
65,2018,15469,3669600
66,2018,15643,3516436
67,2018,16357,3398755
68,2018,16805,3307833
69,2018,17638,3194269
70,2018,18558,3144466
71,2018,20231,3260552
72,2018,16620,2392283
73,2018,17095,2344633
74,2018,17814,2263489
75,2018,18964,2293604
76,2018,17617,1978012
77,2018,16959,1786181
78,2018,16471,1666402
79,2018,16549,1542867
80,2018,16529,1451583
81,2018,15759,1311488
82,2018,15535,1224165
83,2018,15101,1143669
84,2018,14059,996403
85,2018,13591,
86,2018,13221,
87,2018,12647,
88,2018,11613,
89,2018,10587,
90,2018,9577,
91,2018,8160,
92,2018,6832,
93,2018,5768,
94,2018,4522,
95,2018,3650,
96,2018,2736,
97,2018,1981,
98,2018,1385,
99,2018,813,
100,2018,1335,
0,2019,97,3783052
1,2019,87,3829599
2,2019,77,3922044
3,2019,80,3998665
4,2019,90,4043323
5,2019,94,4028281
6,2019,82,4017227
7,2019,81,4022319
8,2019,81,4066194
9,2019,64,4061874
10,2019,83,4060940
11,2019,85,4189261
12,2019,93,4208387
13,2019,76,4175221
14,2019,102,4164459
15,2019,119,4175459
16,2019,92,4150420
17,2019,123,4142425
18,2019,153,4255827
19,2019,130,4330439
20,2019,157,4269683
21,2019,143,4278323
22,2019,160,4298772
23,2019,176,4341644
24,2019,201,4444518
25,2019,244,4539058
26,2019,223,4611220
27,2019,274,4733869
28,2019,311,4818725
29,2019,351,4806144
30,2019,375,4614384
31,2019,390,4502311
32,2019,466,4421505
33,2019,524,4432973
34,2019,531,4460132
35,2019,661,4315866
36,2019,716,4372444
37,2019,851,4361286
38,2019,926,4305576
39,2019,1059,4382349
40,2019,1134,4105313
41,2019,1208,4020254
42,2019,1308,3974741
43,2019,1437,3854040
44,2019,1622,3967275
45,2019,1839,3837909
46,2019,2131,3889372
47,2019,2480,4058038
48,2019,2997,4282657
49,2019,3313,4329775
50,2019,3640,4096572
51,2019,4021,4004343
52,2019,4400,4001782
53,2019,5151,4068851
54,2019,6148,4305603
55,2019,7244,4374565
56,2019,7865,4361016
57,2019,8915,4342385
58,2019,9930,4385570
59,2019,10994,4413855
60,2019,11817,4252663
61,2019,13262,4215172
62,2019,13841,4156645
63,2019,14410,3996088
64,2019,14962,3950578
65,2019,15465,3774597
66,2019,16071,3618069
67,2019,16307,3464437
68,2019,16927,3345475
69,2019,17412,3252423
70,2019,18282,3136704
71,2019,18938,3083083
72,2019,20522,3191048
73,2019,17195,2334433
74,2019,17042,2283164
75,2019,18059,2198286
76,2019,19131,2222392
77,2019,17607,1911261
78,2019,16831,1720817
79,2019,16445,1599909
80,2019,16365,1475278
81,2019,15803,1381641
82,2019,15495,1241341
83,2019,15232,1151190
84,2019,14464,1067757
85,2019,13368,
86,2019,12977,
87,2019,12616,
88,2019,11606,
89,2019,10753,
90,2019,9353,
91,2019,8274,
92,2019,7111,
93,2019,5817,
94,2019,4717,
95,2019,3781,
96,2019,2722,
97,2019,2034,
98,2019,1435,
99,2019,891,
100,2019,1434,
0,2020,93,3735010
1,2020,71,3773884
2,2020,85,3853025
3,2020,87,3921526
4,2020,99,4017847
5,2020,97,4054336
6,2020,83,4040169
7,2020,86,4029753
8,2020,79,4034785
9,2020,65,4078668
10,2020,74,4074173
11,2020,83,4072994
12,2020,86,4200977
13,2020,93,4219921
14,2020,101,4186358
15,2020,105,4175920
16,2020,119,4187874
17,2020,102,4164893
18,2020,120,4159857
19,2020,132,4272385
20,2020,124,4344572
21,2020,151,4283150
22,2020,164,4293020
23,2020,175,4315220
24,2020,179,4358793
25,2020,225,4461006
26,2020,210,4555511
27,2020,241,4628618
28,2020,303,4751001
29,2020,354,4835107
30,2020,376,4821081
31,2020,407,4627340
32,2020,455,4514736
33,2020,560,4432699
34,2020,573,4442547
35,2020,629,4466747
36,2020,725,4319361
37,2020,853,4374441
38,2020,861,4362662
39,2020,1026,4305093
40,2020,1107,4378957
41,2020,1268,4100150
42,2020,1338,4014287
43,2020,1508,3967810
44,2020,1666,3846684
45,2020,1898,3957972
46,2020,2047,3826694
47,2020,2455,3876923
48,2020,2750,4043448
49,2020,3216,4265569
50,2020,3618,4310670
51,2020,3984,4076434
52,2020,4449,3983727
53,2020,4961,3979962
54,2020,5702,4044734
55,2020,6785,4277856
56,2020,7802,4343881
57,2020,8662,4327862
58,2020,9482,4306615
59,2020,10650,4346885
60,2020,11990,4372095
61,2020,12758,4208976
62,2020,13623,4168433
63,2020,14859,4106492
64,2020,15171,3944582
65,2020,15666,3897420
66,2020,16236,3720410
67,2020,16900,3562236
68,2020,17176,3407082
69,2020,17331,3286519
70,2020,18052,3192029
71,2020,18894,3074732
72,2020,19721,3017173
73,2020,21206,3117385
74,2020,17560,2274412
75,2020,17586,2219565
76,2020,18130,2130427
77,2020,19374,2147097
78,2020,17965,1839828
79,2020,17012,1649916
80,2020,16531,1526957
81,2020,16099,1400392
82,2020,15896,1303809
83,2020,14853,1163249
84,2020,14511,1070307
85,2020,13945,
86,2020,12592,
87,2020,11932,
88,2020,11307,
89,2020,10510,
90,2020,9373,
91,2020,8006,
92,2020,6916,
93,2020,5931,
94,2020,4667,
95,2020,3741,
96,2020,2756,
97,2020,2056,
98,2020,1468,
99,2020,971,
100,2020,1506,
0,2021,78,3564493
1,2021,70,3702936
2,2021,88,3767428
3,2021,80,3856743
4,2021,81,3935738
5,2021,78,4040153
6,2021,76,4076629
7,2021,80,4064596
8,2021,67,4051555
9,2021,70,4058615
10,2021,83,4103489
11,2021,81,4189406
12,2021,95,4279315
13,2021,125,4442581
14,2021,95,4432993
15,2021,107,4355926
16,2021,125,4310462
17,2021,139,4333375
18,2021,131,4292780
19,2021,133,4272123
20,2021,137,4346679
21,2021,161,4347378
22,2021,163,4278923
23,2021,152,4271130
24,2021,158,4279887
25,2021,202,4309146
26,2021,241,4387353
27,2021,273,4481186
28,2021,271,4554775
29,2021,332,4660017
30,2021,384,4730811
31,2021,431,4745375
32,2021,474,4612291
33,2021,543,4531756
34,2021,590,4482395
35,2021,666,4492867
36,2021,742,4490254
37,2021,791,4397037
38,2021,916,4463130
39,2021,1088,4456030
40,2021,1197,4391796
41,2021,1352,4372860
42,2021,1489,4193750
43,2021,1564,4099002
44,2021,1629,4047128
45,2021,1863,3908305
46,2021,2094,3951786
47,2021,2295,3875209
48,2021,2664,3927492
49,2021,3075,4118718
50,2021,3671,4366085
51,2021,3998,4297812
52,2021,4406,4136193
53,2021,4773,4046823
54,2021,5275,4060013
55,2021,6304,4119517
56,2021,7320,4280217
57,2021,8245,4383354
58,2021,9148,4384908
59,2021,10528,4399318
60,2021,11396,4391144
61,2021,12760,4312796
62,2021,13536,4228770
63,2021,14441,4190193
64,2021,15785,4112847
65,2021,15879,3928157
66,2021,16542,3834444
67,2021,17044,3695234
68,2021,17233,3537207
69,2021,17959,3399278
70,2021,18060,3229649
71,2021,18558,3076389
72,2021,19236,2988058
73,2021,20229,2917030
74,2021,21844,3060676
75,2021,17928,2157557
76,2021,17395,2060045
77,2021,18259,1992972
78,2021,19641,1997941
79,2021,17959,1696254
80,2021,17094,1507612
81,2021,16169,1366271
82,2021,15670,1254351
83,2021,15385,1156487
84,2021,14429,1016585
85,2021,13988,
86,2021,13071,
87,2021,12015,
88,2021,11154,
89,2021,10115,
90,2021,9130,
91,2021,8108,
92,2021,6701,
93,2021,5954,
94,2021,4732,
95,2021,3783,
96,2021,2769,
97,2021,2104,
98,2021,1421,
99,2021,962,
100,2021,1518,
0,2022,72,3683113
1,2022,71,3588817
2,2022,74,3693362
3,2022,87,3742836
4,2022,71,3830225
5,2022,95,3907298
6,2022,87,4008898
7,2022,78,4043729
8,2022,74,4031341
9,2022,75,4017929
10,2022,74,4024547
11,2022,89,4068564
12,2022,88,4152811
13,2022,107,4240884
14,2022,119,4403033
15,2022,139,4396566
16,2022,112,4325808
17,2022,116,4291066
18,2022,155,4326642
19,2022,150,4295710
20,2022,132,4438006
21,2022,156,4723644
22,2022,151,4663473
23,2022,201,4483807
24,2022,183,4396849
25,2022,232,4346308
26,2022,209,4351553
27,2022,253,4419629
28,2022,273,4503844
29,2022,350,4571830
30,2022,370,4672812
31,2022,393,4739263
32,2022,495,4751526
33,2022,568,4614523
34,2022,604,4530012
35,2022,649,4476550
36,2022,759,4483170
37,2022,890,4478749
38,2022,914,4383099
39,2022,1086,4446381
40,2022,1187,4438786
41,2022,1260,4375219
42,2022,1430,4356125
43,2022,1547,4175926
44,2022,1711,4081360
45,2022,1881,4029138
46,2022,2008,3891868
47,2022,2351,3935451
48,2022,2569,3859402
49,2022,2895,3908239
50,2022,3511,4094089
51,2022,4124,4334593
52,2022,4479,4265282
53,2022,4748,4102135
54,2022,5300,4011448
55,2022,5996,4021403
56,2022,6726,4075771
57,2022,7892,4228510
58,2022,8988,4322714
59,2022,10066,4318616
60,2022,11223,4327473
61,2022,12280,4313536
62,2022,13401,4231279
63,2022,14520,4144198
64,2022,15478,4101937
65,2022,16282,4020640
66,2022,16754,3833262
67,2022,17172,3737326
68,2022,17610,3598472
69,2022,18219,3441722
70,2022,18335,3305273
71,2022,18793,3141497
72,2022,18768,2988811
73,2022,19762,2898395
74,2022,20541,2823041
75,2022,22136,2959404
76,2022,17915,2083434
77,2022,17931,1986144
78,2022,18702,1915774
79,2022,19444,1916244
80,2022,17657,1623833
81,2022,16720,1441506
82,2022,15892,1303339
83,2022,15394,1193273
84,2022,14998,1097594
85,2022,14034,
86,2022,13060,
87,2022,12143,
88,2022,10883,
89,2022,10067,
90,2022,9073,
91,2022,7826,
92,2022,7115,
93,2022,5756,
94,2022,4686,
95,2022,3664,
96,2022,2809,
97,2022,1977,
98,2022,1475,
99,2022,928,
100,2022,1507,
0,2023,76,3648654
1,2023,59,3694222
2,2023,89,3611883
3,2023,77,3747807
4,2023,83,3808594
5,2023,88,3896077
6,2023,76,3972997
7,2023,70,4075558
8,2023,98,4110498
9,2023,77,4097627
10,2023,81,4083444
11,2023,88,4089809
12,2023,107,4134024
13,2023,108,4219014
14,2023,101,4308273
15,2023,140,4472392
16,2023,142,4465940
17,2023,138,4395048
18,2023,132,4357485
19,2023,141,4384615
20,2023,141,4343892
21,2023,164,4322656
22,2023,186,4402354
23,2023,174,4405241
24,2023,173,4337029
25,2023,180,4330095
26,2023,217,4340084
27,2023,217,4368541
28,2023,269,4443648
29,2023,338,4535992
30,2023,371,4606983
31,2023,438,4708628
32,2023,469,4775545
33,2023,531,4785137
34,2023,585,4647863
35,2023,649,4562605
36,2023,722,4508995
37,2023,854,4515300
38,2023,900,4508193
39,2023,976,4411551
40,2023,1226,4472605
41,2023,1323,4460551
42,2023,1472,4392613
43,2023,1585,4369992
44,2023,1815,4188288
45,2023,1955,4091524
46,2023,2090,4037052
47,2023,2286,3896481
48,2023,2564,3934951
49,2023,2858,3857002
50,2023,3229,3904908
51,2023,3765,4089839
52,2023,4412,4329946
53,2023,4944,4257592
54,2023,5257,4094486
55,2023,5751,4002437
56,2023,6506,4011474
57,2023,7436,4065310
58,2023,8434,4216422
59,2023,9645,4310614
60,2023,10822,4305792
61,2023,11977,4312974
62,2023,13176,4296811
63,2023,14324,4210811
64,2023,15077,4121766
65,2023,16103,4076998
66,2023,17094,3993009
67,2023,17361,3807066
68,2023,17935,3708627
69,2023,18436,3565028
70,2023,18576,3404652
71,2023,19111,3263824
72,2023,19451,3094183
73,2023,19484,2934599
74,2023,20500,2837298
75,2023,21271,2754372
76,2023,22379,2878060
77,2023,18336,2013416
78,2023,18084,1909705
79,2023,18654,1831864
80,2023,19733,1820383
81,2023,17422,1529152
82,2023,16557,1343429
83,2023,15567,1201444
84,2023,15119,1086272
85,2023,14525,
86,2023,12905,
87,2023,12137,
88,2023,11312,
89,2023,9985,
90,2023,8940,
91,2023,7897,
92,2023,7014,
93,2023,5874,
94,2023,4703,
95,2023,3675,
96,2023,2760,
97,2023,2096,
98,2023,1445,
99,2023,985,
100,2023,1608,
0,2024,71,3648654
1,2024,67,3694222
2,2024,70,3611883
3,2024,82,3747807
4,2024,93,3808594
5,2024,104,3896077
6,2024,83,3972997
7,2024,84,4075558
8,2024,78,4110498
9,2024,76,4097627
10,2024,92,4083444
11,2024,85,4089809
12,2024,97,4134024
13,2024,91,4219014
14,2024,100,4308273
15,2024,128,4472392
16,2024,133,4465940
17,2024,153,4395048
18,2024,121,4357485
19,2024,138,4384615
20,2024,163,4343892
21,2024,158,4322656
22,2024,164,4402354
23,2024,182,4405241
24,2024,162,4337029
25,2024,215,4330095
26,2024,236,4340084
27,2024,243,4368541
28,2024,284,4443648
29,2024,304,4535992
30,2024,348,4606983
31,2024,449,4708628
32,2024,488,4775545
33,2024,591,4785137
34,2024,617,4647863
35,2024,665,4562605
36,2024,783,4508995
37,2024,929,4515300
38,2024,885,4508193
39,2024,1070,4411551
40,2024,1241,4472605
41,2024,1308,4460551
42,2024,1480,4392613
43,2024,1630,4369992
44,2024,1846,4188288
45,2024,1969,4091524
46,2024,2204,4037052
47,2024,2364,3896481
48,2024,2515,3934951
49,2024,2844,3857002
50,2024,3141,3904908
51,2024,3721,4089839
52,2024,4052,4329946
53,2024,4857,4257592
54,2024,5284,4094486
55,2024,5642,4002437
56,2024,6302,4011474
57,2024,6838,4065310
58,2024,8081,4216422
59,2024,9289,4310614
60,2024,10310,4305792
61,2024,11650,4312974
62,2024,12771,4296811
63,2024,14002,4210811
64,2024,15070,4121766
65,2024,15911,4076998
66,2024,16870,3993009
67,2024,17629,3807066
68,2024,18068,3708627
69,2024,18626,3565028
70,2024,19101,3404652
71,2024,19232,3263824
72,2024,19747,3094183
73,2024,19699,2934599
74,2024,19800,2837298
75,2024,20892,2754372
76,2024,21574,2878060
77,2024,22648,2013416
78,2024,18523,1909705
79,2024,18127,1831864
80,2024,18614,1820383
81,2024,19619,1529152
82,2024,17544,1343429
83,2024,16194,1201444
84,2024,15291,1086272
85,2024,14582,
86,2024,13743,
87,2024,12823,
88,2024,11792,
89,2024,10489,
90,2024,9027,
91,2024,7994,
92,2024,6937,
93,2024,5938,
94,2024,4730,
95,2024,3730,
96,2024,2975,
97,2024,2092,
98,2024,1484,
99,2024,1070,
100,2024,1692,
